YearTerm,CrsPBADept,CrsPBAColl,CrsPBADiv,Subject,Course,CourseTitle,Level,CrsLvlNum,Activity_Type,Instruction_Mode,Hours,N_EOT,N_ENROLL,N_GRADE,PCT_GRADE,AVG_GRD,PCT_A,PCT_B,PCT_C,PCT_D,PCT_F,PCT_C_MINUS_OR_BELOW,PCT_DF,PCT_WDRAW,PCT_INCOMP,N_PASS,N_NOCRED,N_INCOMP,Workload_Raw,Workload_Hrs_Wk,AvgCourse,AvgInstructor,N_Ret,NIntrFCQ,RAP,Honors,insname1
20067,CSCI,EN,,CSCI,1200,INTRO TO COMPUTING,Lower,1XXX,LEC - Lecture,,4,58,61,58,100%,2.63,38%,26%,14%,7%,16%,24%,22%,5%,0%,0,0,0,2.42,4-6,3.41,3.64,28,1,0,0,"ELLIS, CLARENCE"
20067,CSCI,EN,,CSCI,1300,COMP SCI I: PROGRAMMING,Lower,1XXX,LEC - Lecture,,4,25,25,25,100%,2.55,28%,32%,24%,4%,12%,20%,16%,0%,0%,0,0,0,2.93,7-9,4.59,5.00,17,1,0,0,"NUTT, GARY"
20067,CSCI,EN,,CSCI,1300,COMP SCI I: PROGRAMMING,Lower,1XXX,LEC - Lecture,,4,24,24,23,96%,3.50,74%,9%,17%,0%,0%,0%,0%,0%,4%,0,0,1,2.72,7-9,5.37,5.74,19,1,0,0,"GRUNWALD, DIRK C"
20067,CSCI,EN,,CSCI,1300,COMP SCI I: PROGRAMMING,Lower,1XXX,LEC - Lecture,,4,158,161,158,100%,2.62,20%,34%,32%,8%,6%,15%,14%,2%,0%,0,0,0,2.82,7-9,4.25,4.55,97,1,0,0,"SHERBA, SUSANNE"
20067,CSCI,EN,,CSCI,2270,COMP SCI II: DATA STRUCT,Lower,2XXX,LEC - Lecture,,4,51,57,49,96%,2.78,33%,37%,12%,16%,2%,22%,18%,11%,4%,0,0,2,3.09,7-9,5.26,5.66,32,1,0,0,"MAIN, MICHAEL G"
20067,CSCI,EN,,CSCI,2830,SP TPS-INTRO COMP SCI,Lower,2XXX,LEC - Lecture,,1,11,11,11,100%,3.04,45%,18%,36%,0%,0%,27%,0%,0%,0%,0,0,0,1.17,0-3,5.17,5.67,6,1,0,0,"SIEK, JEREMY G"
20067,CSCI,EN,,CSCI,3104,ALGORITHMS,Upper,3XXX,LEC - Lecture,,4,34,35,34,100%,2.91,32%,50%,6%,3%,9%,12%,12%,3%,0%,0,0,0,3.29,7-9,4.88,5.54,26,1,0,0,"BLACK, JOHN"
20067,CSCI,EN,,CSCI,3155,PRINCIP OF PROG LANGS,Upper,3XXX,LEC - Lecture,,4,41,44,41,100%,3.07,49%,29%,15%,2%,5%,17%,7%,7%,0%,0,0,0,3.81,10-12,4.26,5.19,31,1,0,0,"MAIN, MICHAEL G"
20067,CSCI,EN,,CSCI,3202,INTRO ARTIFICIAL INTELL,Upper,3XXX,LEC - Lecture,,3,41,41,40,98%,3.52,77%,13%,0%,2%,7%,10%,10%,0%,2%,0,0,1,2.48,4-6,2.60,2.84,26,1,0,0,"GRUDIC, GREGORY"
20067,CSCI,EN,,CSCI,3287,DATABASES INFO SYSTEMS,Upper,3XXX,LEC - Lecture,,3,43,44,42,98%,3.24,50%,38%,5%,0%,7%,7%,7%,2%,2%,0,0,1,2.71,7-9,4.16,4.24,25,1,0,0,"KING, ROGER A"
20067,CSCI,EN,,CSCI,3308,SOFTWARE ENG METHODS,Upper,3XXX,LEC - Lecture,,3,38,38,37,97%,2.80,32%,27%,32%,5%,3%,8%,8%,0%,0%,0,0,0,2.47,4-6,4.67,4.89,18,1,0,0,"ANDERSON, KENNETH M"
20067,CSCI,EN,,CSCI,3434,COMPUTER SCIENCE THRY 1,Upper,3XXX,LEC - Lecture,,3,15,15,15,100%,4.00,100%,0%,0%,0%,0%,0%,0%,0%,0%,0,0,0,1.43,0-3,3.79,4.50,14,1,0,0,"EHRENFEUCHT, ANDRZEJ"
20067,CSCI,EN,,CSCI,3656,NUMERICAL COMP 1,Upper,3XXX,LEC - Lecture,,3,13,13,13,100%,2.44,15%,38%,31%,8%,8%,23%,15%,0%,0%,0,0,0,2.50,7-9,5.00,5.33,9,1,0,0,"BYRD, RICHARD"
20067,CSCI,EN,,CSCI,3702,COGNITIVE SCIENCE,Upper,3XXX,LEC - Lecture,,3,28,31,22,80%,2.93,41%,41%,5%,0%,14%,14%,14%,9%,20%,0,0,6,3.03,7-9,4.78,5.24,19,2,0,0,"RUPERT, ROBERT D"
20067,CSCI,EN,,CSCI,4229,COMPUTER GRAPHICS,Upper,4XXX,LEC - Lecture,,3,39,40,39,100%,4.00,100%,0%,0%,0%,0%,0%,0%,2%,0%,0,0,0,3.04,7-9,5.26,5.44,27,1,0,0,"SCHREUDER, WILLEM A"
20067,CSCI,EN,,CSCI,4273,NETWORK SYSTEMS,Upper,4XXX,LEC - Lecture,,3,21,21,21,100%,3.54,67%,24%,10%,0%,0%,5%,0%,0%,0%,0,0,0,3.69,10-12,5.31,5.33,16,1,0,0,"HAN, RICHARD YEHWHEI"
20067,CSCI,EN,,CSCI,4308,SOFTWARE ENG PROJECT 1,Upper,4XXX,LEC - Lecture,,4,49,49,49,100%,3.37,55%,24%,20%,0%,0%,2%,0%,0%,0%,0,0,0,4.11,10-12,3.65,4.11,36,1,0,0,"SANDERS, BRUCE"
20067,CSCI,EN,,CSCI,4448,OO ANALYSIS & DESIGN,Upper,4XXX,LEC - Lecture,,3,25,25,25,100%,3.20,48%,40%,0%,8%,4%,12%,12%,0%,0%,0,0,0,2.80,7-9,4.13,4.40,15,1,0,0,"SHERBA, SUSANNE"
20067,CSCI,EN,,CSCI,4830,SPECIAL TOPICS COMP SCI,Upper,4XXX,LEC - Lecture,,3,38,38,36,95%,3.81,89%,8%,0%,0%,3%,3%,3%,0%,5%,0,0,2,2.39,4-6,4.95,4.95,20,1,0,0,"KING, ROGER A"
20067,CSCI,EN,,CSCI,4838,USER INTERFACE DESIGN,Upper,4XXX,LEC - Lecture,,3,42,43,41,98%,3.36,54%,41%,2%,2%,0%,2%,2%,2%,2%,0,0,1,3.78,10-12,4.16,4.32,13,2,0,0,"SUMNER, TAMMY R"
20067,CSCI,EN,,CSCI,5444,INTRO TO THEORY OF COMP,Masters,5XXX,LEC - Lecture,,3,20,21,19,95%,3.74,74%,26%,0%,0%,0%,0%,0%,5%,5%,0,0,1,3.93,10-12,2.93,3.13,15,1,0,0,"GOLDBERG, DEBRA S"
20067,CSCI,EN,,CSCI,5582,ARTIFICIAL INTELLIGENCE,Masters,5XXX,LEC - Lecture,,3,26,26,26,100%,3.57,58%,42%,0%,0%,0%,0%,0%,0%,0%,0,0,0,3.04,7-9,5.24,5.36,25,1,0,0,"MARTIN, JAMES H"
20067,CSCI,EN,,CSCI,5606,PRIN OF NUM COMPUTATION,Masters,5XXX,LEC - Lecture,,3,13,15,12,92%,3.29,58%,25%,17%,0%,0%,8%,0%,13%,8%,0,0,1,3.73,10-12,4.82,5.45,11,1,0,0,"CAI, XIAO-CHUAN"
20067,CSCI,EN,,CSCI,5622,MACHINE LEARNING,Masters,5XXX,LEC - Lecture,,3,23,24,21,91%,3.88,95%,5%,0%,0%,0%,0%,0%,4%,9%,0,0,2,2.90,7-9,4.71,4.71,21,1,0,0,"GRUDIC, GREGORY"
20067,CSCI,EN,,CSCI,7900,IND STDY-DOCTOR'S LEVEL,Doctoral,7XXX,IND - Ind Study,,1,19,19,19,100%,3.66,84%,11%,0%,5%,0%,5%,5%,0%,0%,0,0,0,,,,,,,0,0,"FISCHER, GERHARD"
20071,CSCI,EN,,CSCI,1200,INTRO TO COMPUTING,Lower,1XXX,LEC - Lecture,,4,76,81,76,100%,2.37,18%,37%,22%,8%,14%,22%,22%,6%,0%,0,0,0,2.14,4-6,3.75,4.52,25,1,0,0,"SHERBA, SUSANNE"
20071,CSCI,EN,,CSCI,1300,COMP SCI I: PROGRAMMING,Lower,1XXX,LEC - Lecture,,4,162,175,159,98%,2.71,33%,31%,19%,9%,8%,21%,17%,7%,2%,0,0,3,2.81,7-9,4.82,5.17,93,1,0,0,"MAIN, MICHAEL G"
20071,CSCI,EN,,CSCI,2270,COMP SCI II: DATA STRUCT,Lower,2XXX,LEC - Lecture,,4,76,81,75,99%,2.77,44%,25%,12%,3%,16%,21%,19%,6%,1%,0,0,1,2.93,7-9,3.92,3.74,50,1,0,0,"MISHRA, SHIVAKANT"
20071,CSCI,EN,,CSCI,3104,ALGORITHMS,Upper,3XXX,LEC - Lecture,,4,42,45,41,98%,2.96,41%,34%,17%,0%,7%,15%,7%,7%,2%,0,0,1,3.08,7-9,4.39,4.10,29,1,0,0,"GABOW, HAROLD N"
20071,CSCI,EN,,CSCI,3155,PRINCIP OF PROG LANGS,Upper,3XXX,LEC - Lecture,,4,33,34,32,97%,3.35,56%,25%,19%,0%,0%,0%,0%,3%,3%,0,0,1,2.95,7-9,5.00,5.32,20,1,0,0,"MAIN, MICHAEL G"
20071,CSCI,EN,,CSCI,3434,COMPUTER SCIENCE THRY 1,Upper,3XXX,LEC - Lecture,,3,39,39,38,97%,3.32,58%,21%,18%,0%,3%,3%,3%,0%,3%,0,0,1,1.58,4-6,3.55,4.21,33,1,0,0,"EHRENFEUCHT, ANDRZEJ"
20071,CSCI,EN,,CSCI,3656,NUMERICAL COMP 1,Upper,3XXX,LEC - Lecture,,3,27,28,27,100%,2.44,22%,41%,11%,11%,15%,30%,26%,4%,0%,0,0,0,2.00,4-6,4.05,4.53,19,1,0,0,"BYRD, RICHARD"
20071,CSCI,EN,,CSCI,3753,OPERATING SYSTEMS,Upper,3XXX,LEC - Lecture,,4,55,57,55,100%,2.55,24%,35%,20%,16%,5%,25%,22%,4%,0%,0,0,0,3.59,10-12,4.14,4.26,35,1,0,0,"NUTT, GARY"
20071,CSCI,EN,,CSCI,4113,UNIX SYSTEM ADMIN,Upper,4XXX,LEC - Lecture,,3,61,61,60,98%,3.34,52%,30%,18%,0%,0%,5%,0%,0%,0%,0,1,0,2.52,7-9,5.33,5.44,46,1,0,0,"SCHENK, CHRISTOPHER B"
20071,CSCI,EN,,CSCI,4273,NETWORK SYSTEMS,Upper,4XXX,LEC - Lecture,,3,29,29,29,100%,3.52,48%,52%,0%,0%,0%,0%,0%,0%,0%,0,0,0,5.00,13-15,5.00,5.50,6,1,0,0,"HAN, RICHARD YEHWHEI"
20071,CSCI,EN,,CSCI,4318,SOFTWARE ENG PROJECT 2,Upper,4XXX,LEC - Lecture,,4,49,49,49,100%,3.37,59%,24%,10%,6%,0%,12%,6%,0%,0%,0,0,0,5.32,13-15,4.18,4.52,27,1,0,0,"SANDERS, BRUCE"
20071,CSCI,EN,,CSCI,4753,COMP PERFORM MODELING,Upper,4XXX,LEC - Lecture,,3,20,22,20,100%,3.65,85%,5%,0%,10%,0%,10%,10%,8%,0%,0,0,0,3.21,7-9,4.60,4.80,15,1,0,0,"GRUNWALD, DIRK C"
20071,CSCI,EN,,CSCI,4830,TPC-DESIGN LRN COLLABOR,Upper,4XXX,LEC - Lecture,,3,12,13,12,100%,3.45,50%,50%,0%,0%,0%,0%,0%,7%,0%,0,0,0,2.89,7-9,2.89,3.44,9,1,0,0,"FISCHER, GERHARD"
20071,CSCI,EN,,CSCI,5454,DESIGN ANLYS OF ALGOS,Masters,5XXX,LEC - Lecture,,3,16,17,16,100%,3.46,56%,31%,13%,0%,0%,0%,0%,6%,0%,0,0,0,4.00,10-12,4.80,4.87,15,1,0,0,"GABOW, HAROLD N"
20071,CSCI,EN,,CSCI,5817,DATABASE SYSTEMS,Masters,5XXX,LEC - Lecture,,3,37,38,35,95%,3.84,94%,6%,0%,0%,0%,0%,0%,3%,5%,0,0,2,2.61,7-9,4.38,4.54,27,1,0,0,"KING, ROGER A"
20071,CSCI,EN,,CSCI,5828,FOUNDATIONS/SFTWARE ENGR,Masters,5XXX,LEC - Lecture,,3,30,30,30,100%,3.87,93%,3%,3%,0%,0%,0%,0%,0%,0%,0,0,0,3.25,7-9,4.33,4.92,24,1,0,0,"ANDERSON, KENNETH M"
20071,CSCI,EN,,CSCI,5832,NATURAL LANG PROCESSING,Masters,5XXX,LEC - Lecture,,3,29,29,29,100%,3.83,97%,3%,0%,0%,0%,0%,0%,0%,0%,0,0,0,3.00,7-9,5.29,5.54,24,1,0,0,"MARTIN, JAMES H"
20071,CSCI,EN,,CSCI,6448,OO ANALYSIS & DESIGN,Masters,6XXX,LEC - Lecture,,3,21,24,21,100%,2.93,29%,38%,29%,5%,0%,14%,5%,12%,0%,0,0,0,3.20,7-9,3.10,3.40,10,1,0,0,"SIEK, JEREMY G"
20071,CSCI,EN,,CSCI,7222,TPCS NONSYMBOLIC AI,Doctoral,7XXX,LEC - Lecture,,3,16,17,16,100%,3.36,81%,6%,0%,0%,13%,13%,13%,6%,0%,0,0,0,2.64,7-9,5.07,5.40,15,1,0,0,"MOZER, MICHAEL C"
20071,CSCI,EN,,CSCI,7772,TPCS-COGNITIVE SCIENCE,Doctoral,7XXX,SEM - Seminar,,1,15,15,15,100%,4.00,100%,0%,0%,0%,0%,0%,0%,0%,0%,0,0,0,,,,,0,1,1,0,"SUMNER, TAMMY R"
20077,CSCI,EN,,CSCI,1000,CS AS FIELD OF WK & STDY,Lower,1XXX,LEC - Lecture,,1,40,42,40,100%,3.20,38%,45%,17%,0%,0%,0%,0%,5%,0%,0,0,0,1.32,0-3,3.62,4.14,21,1,0,0,"LEWIS, CLAYTON H"
20077,CSCI,EN,,CSCI,1220,VR: INTRO TO COMP SCI,Lower,1XXX,LEC - Lecture,,4,40,49,40,100%,2.72,45%,12%,30%,2%,10%,35%,12%,16%,0%,0,0,0,2.42,4-6,5.05,5.69,36,1,0,0,"BENNETT, JOHN"
20077,CSCI,EN,,CSCI,1300,COMP SCI I: PROGRAMMING,Lower,1XXX,LEC - Lecture,,4,43,45,43,100%,2.68,37%,26%,16%,12%,9%,28%,21%,4%,0%,0,0,0,3.80,10-12,4.65,4.95,20,1,0,0,"GRUNWALD, DIRK C"
20077,CSCI,EN,,CSCI,1300,COMP SCI I: PROGRAMMING,Lower,1XXX,LEC - Lecture,,4,163,189,163,100%,2.74,43%,23%,9%,15%,9%,28%,25%,14%,0%,0,0,0,3.80,10-12,4.14,4.37,67,1,0,0,"LEWIS, CLAYTON H"
20077,CSCI,EN,,CSCI,2270,COMP SCI II: DATA STRUCT,Lower,2XXX,LEC - Lecture,,4,81,83,80,99%,2.93,41%,26%,22%,9%,1%,11%,10%,2%,1%,0,0,1,3.57,10-12,5.11,5.48,63,1,0,0,"MAIN, MICHAEL G"
20077,CSCI,EN,,CSCI,2830,SP TPS-LIN ALG COMP SCI,Lower,2XXX,LEC - Lecture,,3,28,29,28,100%,2.56,14%,46%,21%,18%,0%,18%,18%,3%,0%,0,0,0,1.80,4-6,4.20,4.47,15,1,0,0,"BYRD, RICHARD"
20077,CSCI,EN,,CSCI,3104,ALGORITHMS,Upper,3XXX,LEC - Lecture,,4,45,46,45,100%,3.36,62%,27%,2%,2%,7%,9%,9%,2%,0%,0,0,0,2.64,7-9,4.73,4.85,26,1,0,0,"EHRENFEUCHT, ANDRZEJ"
20077,CSCI,EN,,CSCI,3155,PRINCIP OF PROG LANGS,Upper,3XXX,LEC - Lecture,,4,38,39,38,100%,3.63,74%,18%,5%,3%,0%,3%,3%,3%,0%,0,0,0,2.56,7-9,4.31,5.03,32,1,0,0,"MAIN, MICHAEL G"
20077,CSCI,EN,,CSCI,3202,INTRO ARTIFICIAL INTELL,Upper,3XXX,LEC - Lecture,,3,54,56,51,94%,3.64,76%,18%,4%,0%,2%,2%,2%,4%,4%,0,0,2,2.29,4-6,4.00,4.49,42,1,0,0,"GRUDIC, GREGORY"
20077,CSCI,EN,,CSCI,3287,DATABASES INFO SYSTEMS,Upper,3XXX,LEC - Lecture,,3,49,50,47,96%,2.71,26%,36%,32%,0%,6%,21%,6%,2%,2%,0,1,1,2.93,7-9,2.67,2.90,30,1,0,0,"KING, ROGER A"
20077,CSCI,EN,,CSCI,3308,SOFTWARE ENG METHODS,Upper,3XXX,LEC - Lecture,,3,47,47,47,100%,2.94,40%,32%,15%,6%,6%,17%,13%,0%,0%,0,0,0,2.65,7-9,5.48,5.76,29,1,0,0,"DIWAN, AMER S"
20077,CSCI,EN,,CSCI,3434,THEORY OF COMPUTATION,Upper,3XXX,LEC - Lecture,,3,10,11,10,100%,3.56,50%,50%,0%,0%,0%,0%,0%,9%,0%,0,0,0,2.56,7-9,5.33,5.33,9,1,0,0,"GOLDBERG, DEBRA S"
20077,CSCI,EN,,CSCI,3702,COGNITIVE SCIENCE,Upper,3XXX,LEC - Lecture,,3,25,26,25,100%,2.74,40%,28%,16%,0%,16%,16%,16%,4%,0%,0,0,0,2.85,7-9,3.93,5.07,14,1,0,0,"MOZER, MICHAEL C"
20077,CSCI,EN,,CSCI,4229,COMPUTER GRAPHICS,Upper,4XXX,LEC - Lecture,,3,57,58,56,98%,3.80,93%,2%,2%,0%,4%,4%,4%,2%,2%,0,0,1,3.00,7-9,5.48,5.63,25,1,0,0,"SCHREUDER, WILLEM A"
20077,CSCI,EN,,CSCI,4273,NETWORK SYSTEMS,Upper,4XXX,LEC - Lecture,,3,25,27,25,100%,3.22,68%,12%,8%,4%,8%,16%,12%,7%,0%,0,0,0,4.00,10-12,4.05,3.90,20,1,0,0,"MISHRA, SHIVAKANT"
20077,CSCI,EN,,CSCI,4308,SOFTWARE ENG PROJECT 1,Upper,4XXX,LEC - Lecture,,4,43,43,43,100%,3.43,51%,37%,12%,0%,0%,0%,0%,0%,0%,0,0,0,4.57,13-15,4.32,4.79,40,1,0,0,"SANDERS, BRUCE"
20077,CSCI,EN,,CSCI,4448,OO ANALYSIS & DESIGN,Upper,4XXX,LEC - Lecture,,3,53,54,53,100%,3.77,87%,9%,0%,2%,2%,4%,4%,2%,0%,0,0,0,2.86,7-9,4.79,5.00,29,1,0,0,"ANDERSON, KENNETH M"
20077,CSCI,EN,,CSCI,4555,INTRO TO COMPILER CONSTR,Upper,4XXX,LEC - Lecture,,3,11,11,11,100%,3.45,64%,18%,18%,0%,0%,9%,0%,0%,0%,0,0,0,,,,,,,0,0,"SIEK, JEREMY G"
20077,CSCI,EN,,CSCI,4830,TPC-ANIMATION/EVERYONE,Upper,4XXX,LEC - Lecture,,3,24,24,22,92%,4.00,100%,0%,0%,0%,0%,0%,0%,0%,8%,0,0,2,2.45,4-6,4.40,4.18,11,1,0,0,"KING, ROGER A"
20077,CSCI,EN,,CSCI,4838,USER INTERFACE DESIGN,Upper,4XXX,LEC - Lecture,,3,18,19,18,100%,3.80,89%,6%,6%,0%,0%,0%,0%,5%,0%,0,0,0,3.56,10-12,4.83,5.05,18,1,0,0,"PALEN, LEYSIA A"
20077,CSCI,EN,,CSCI,5444,INTRO TO THEORY OF COMP,Masters,5XXX,LEC - Lecture,,3,28,28,28,100%,3.88,93%,4%,4%,0%,0%,0%,0%,0%,0%,0,0,0,2.25,4-6,4.23,4.88,17,1,0,0,"EHRENFEUCHT, ANDRZEJ"
20077,CSCI,EN,,CSCI,5535,FUND CONCEPTS/PROG LANG,Masters,5XXX,LEC - Lecture,,3,14,14,14,100%,2.05,21%,21%,21%,14%,21%,36%,36%,0%,0%,0,0,0,3.83,10-12,4.92,5.17,12,1,0,0,"DIWAN, AMER S"
20077,CSCI,EN,,CSCI,5548,SW ENG OF STNDALNE PROGS,Masters,5XXX,LEC - Lecture,,3,15,15,15,100%,3.60,60%,40%,0%,0%,0%,0%,0%,0%,0%,0,0,0,,,,,,,0,0,"DAMERON, RUTH"
20077,CSCI,EN,,CSCI,5576,HIGH-PERF SCI COMPUTING,Masters,5XXX,LEC - Lecture,,4,16,19,10,63%,3.73,70%,30%,0%,0%,0%,0%,0%,16%,25%,0,2,4,5.33,13-15,4.54,4.46,13,1,0,0,"TUFO, HENRY"
20077,CSCI,EN,,CSCI,5582,ARTIFICIAL INTELLIGENCE,Masters,5XXX,LEC - Lecture,,3,46,47,46,100%,3.63,61%,37%,2%,0%,0%,0%,0%,2%,0%,0,0,0,3.20,7-9,5.28,5.52,25,1,0,0,"EISENBERG, MICHAEL A"
20077,CSCI,EN,,CSCI,5606,PRIN OF NUM COMPUTATION,Masters,5XXX,LEC - Lecture,,3,14,14,13,93%,3.15,38%,46%,8%,8%,0%,8%,8%,0%,7%,0,0,1,3.25,7-9,4.92,5.23,13,1,0,0,"BYRD, RICHARD"
20077,CSCI,EN,,CSCI,5654,LINEAR PROGRAM,Masters,5XXX,LEC - Lecture,,3,11,12,11,100%,3.36,55%,27%,18%,0%,0%,0%,0%,8%,0%,0,0,0,4.30,10-12,5.00,5.20,10,1,0,0,"GABOW, HAROLD N"
20077,CSCI,EN,,CSCI,6268,NETWORK SECURITY,Masters,6XXX,LEC - Lecture,,3,20,21,20,100%,3.50,50%,50%,0%,0%,0%,0%,0%,5%,0%,0,0,0,3.58,10-12,5.54,5.46,13,1,0,0,"BLACK, JOHN"
20077,CSCI,EN,,CSCI,7000,TP-INFORMATION RETRIEVAL,Doctoral,7XXX,LEC - Lecture,,3,21,21,16,76%,3.96,100%,0%,0%,0%,0%,0%,0%,0%,24%,0,0,5,2.42,4-6,5.10,5.25,20,1,0,0,"MARTIN, JAMES H"
20077,CSCI,EN,,CSCI,7000,CUR TPS-GROUPWARE,Doctoral,7XXX,LEC - Lecture,,3,10,10,10,100%,3.90,90%,10%,0%,0%,0%,0%,0%,0%,0%,0,0,0,2.67,7-9,3.70,4.00,10,1,0,0,"ELLIS, CLARENCE"
20077,CSCI,EN,,CSCI,7143,TPC-MOBIL COMPUTING,Doctoral,7XXX,LEC - Lecture,,3,12,12,11,92%,3.92,100%,0%,0%,0%,0%,0%,0%,0%,0%,0,1,0,4.40,10-12,5.20,5.60,12,1,0,0,"HAN, RICHARD YEHWHEI"
20077,CSCI,EN,,CSCI,7900,DOCTOR'S LEVEL IND STDY,Doctoral,7XXX,IND - Ind Study,,1,25,26,25,100%,3.82,88%,12%,0%,0%,0%,0%,0%,4%,0%,0,0,0,1.15,0-3,3.24,3.81,21,1,0,0,"FISCHER, GERHARD"
20081,CSCI,EN,,CSCI,1240,COMPUTATIONAL WORLD,Lower,1XXX,LEC - Lecture,,3,26,30,26,100%,2.97,50%,31%,4%,8%,8%,15%,15%,13%,0%,0,0,0,2.09,4-6,5.08,5.75,12,1,0,0,"EISENBERG, MICHAEL A"
20081,CSCI,EN,,CSCI,1300,COMP SCI I: PROGRAMMING,Lower,1XXX,LEC - Lecture,,4,174,196,173,99%,2.78,40%,21%,27%,4%,7%,32%,11%,11%,0%,0,1,0,3.56,10-12,4.11,4.42,64,1,0,0,"LEWIS, CLAYTON H"
20081,CSCI,EN,,CSCI,2270,COMP SCI II: DATA STRUCT,Lower,2XXX,LEC - Lecture,,4,80,85,78,97%,2.65,37%,24%,19%,4%,15%,24%,19%,6%,2%,0,0,2,2.82,7-9,3.20,2.83,46,1,0,0,"MISHRA, SHIVAKANT"
20081,CSCI,EN,,CSCI,2400,COMPUTER SYSTEMS,Lower,2XXX,LEC - Lecture,,4,28,28,28,100%,2.93,39%,39%,11%,0%,11%,11%,11%,0%,0%,0,0,0,3.90,10-12,4.96,5.26,23,1,0,0,"GRUNWALD, DIRK C"
20081,CSCI,EN,,CSCI,3104,ALGORITHMS,Upper,3XXX,LEC - Lecture,,4,51,53,51,100%,2.81,29%,47%,10%,6%,8%,18%,14%,4%,0%,0,0,0,3.38,7-9,3.21,3.33,34,1,0,0,"GABOW, HAROLD N"
20081,CSCI,EN,,CSCI,3155,PRINCIP OF PROG LANGS,Upper,3XXX,LEC - Lecture,,4,43,43,43,100%,3.37,65%,16%,14%,2%,2%,12%,5%,0%,0%,0,0,0,2.64,7-9,5.23,5.59,34,1,0,0,"DIWAN, AMER S"
20081,CSCI,EN,,CSCI,3434,THEORY OF COMPUTATION,Upper,3XXX,LEC - Lecture,,3,33,34,33,100%,3.58,70%,24%,3%,0%,3%,3%,3%,3%,0%,0,0,0,1.92,4-6,4.80,4.88,25,1,0,0,"EHRENFEUCHT, ANDRZEJ"
20081,CSCI,EN,,CSCI,3656,NUMERICAL COMP 1,Upper,3XXX,LEC - Lecture,,3,36,39,36,100%,2.87,33%,36%,22%,0%,8%,11%,8%,8%,0%,0,0,0,3.23,7-9,4.67,5.00,15,1,0,0,"OVTCHINNIKOV, SERGUEI"
20081,CSCI,EN,,CSCI,3753,OPERATING SYSTEMS,Upper,3XXX,LEC - Lecture,,4,55,57,54,98%,2.96,39%,35%,19%,2%,6%,13%,7%,4%,2%,0,0,1,3.28,7-9,4.74,5.10,31,1,0,0,"HAN, RICHARD YEHWHEI"
20081,CSCI,EN,,CSCI,4113,UNIX SYSTEM ADMIN,Upper,4XXX,LEC - Lecture,,3,61,62,61,100%,3.36,66%,21%,2%,8%,3%,11%,11%,2%,0%,0,0,0,3.00,7-9,5.73,5.82,34,1,0,0,"SCHENK, CHRISTOPHER B"
20081,CSCI,EN,,CSCI,4273,NETWORK SYSTEMS,Upper,4XXX,LEC - Lecture,,3,32,32,31,97%,3.15,48%,32%,6%,10%,3%,13%,13%,0%,3%,0,0,1,3.83,10-12,3.91,3.86,23,1,0,0,"GRUNWALD, DIRK C"
20081,CSCI,EN,,CSCI,4314,ALGORITHMS: MOLECULARBIO,Upper,4XXX,LEC - Lecture,,3,19,19,19,100%,3.82,89%,11%,0%,0%,0%,0%,0%,0%,0%,0,0,0,3.33,7-9,4.65,4.56,17,1,1,0,"GOLDBERG, DEBRA S"
20081,CSCI,EN,,CSCI,4318,SOFTWARE ENG PROJECT 2,Upper,4XXX,LEC - Lecture,,4,43,43,43,100%,3.41,51%,37%,9%,2%,0%,2%,2%,0%,0%,0,0,0,5.39,13-15,4.51,5.12,33,1,0,0,"SANDERS, BRUCE"
20081,CSCI,EN,,CSCI,4446,CHAOTIC DYNAMICS,Upper,4XXX,LEC - Lecture,,3,14,14,13,94%,3.49,62%,31%,8%,0%,0%,0%,0%,0%,6%,0,0,1,2.80,7-9,4.64,5.36,11,1,0,0,"BRADLEY, ELIZABETH"
20081,CSCI,EN,,CSCI,4830,SP TPS-THINGS THAT THINK,Upper,4XXX,LEC - Lecture,,3,11,11,11,100%,3.86,100%,0%,0%,0%,0%,0%,0%,0%,0%,0,0,0,3.56,10-12,5.50,5.80,10,1,0,0,"EISENBERG, MICHAEL A"
20081,CSCI,EN,,CSCI,4830,TPC-CS-GAME PROGRAMMING,Upper,4XXX,LEC - Lecture,,3,17,17,17,100%,3.35,53%,35%,6%,0%,6%,6%,6%,0%,0%,0,0,0,2.68,7-9,4.21,4.93,14,2,0,0,"REPENNING, ALEX"
20081,CSCI,EN,,CSCI,4830,TPC-COGNITIVE MODELING,Upper,4XXX,LEC - Lecture,,3,13,13,13,100%,3.52,77%,15%,0%,0%,8%,8%,8%,0%,0%,0,0,0,2.96,7-9,5.42,5.69,13,2,0,0,"JONES, MATTHEW CARL"
20081,CSCI,EN,,CSCI,4830,OPN SPC DEV MOBL PTLFRM,Upper,4XXX,LEC - Lecture,,3,15,15,15,100%,3.74,80%,20%,0%,0%,0%,0%,0%,0%,0%,0,0,0,2.29,4-6,4.57,5.57,7,1,1,0,"LEWIS, CLAYTON H"
20081,CSCI,EN,,CSCI,4838,USER INTERFACE DESIGN,Upper,4XXX,LEC - Lecture,,3,16,16,16,100%,3.34,50%,37%,12%,0%,0%,6%,0%,0%,0%,0,0,0,4.25,10-12,3.88,4.31,16,1,1,0,"SIEK, KATIE A"
20081,CSCI,EN,,CSCI,5454,DESIGN ANLYS OF ALGOS,Masters,5XXX,LEC - Lecture,,3,12,15,12,100%,3.08,50%,25%,8%,17%,0%,25%,17%,20%,0%,0,0,0,3.82,10-12,5.54,5.54,11,1,0,0,"GABOW, HAROLD N"
20081,CSCI,EN,,CSCI,5622,MACHINE LEARNING,Masters,5XXX,LEC - Lecture,,3,24,26,21,88%,4.00,100%,0%,0%,0%,0%,0%,0%,8%,13%,0,0,3,3.14,7-9,4.96,4.96,23,1,0,0,"GRUDIC, GREGORY"
20081,CSCI,EN,,CSCI,5673,DISTRIBUTED SYSTEMS,Masters,5XXX,LEC - Lecture,,3,21,22,21,100%,3.86,90%,10%,0%,0%,0%,0%,0%,4%,0%,0,0,0,3.60,10-12,4.70,4.80,10,1,0,0,"MISHRA, SHIVAKANT"
20081,CSCI,EN,,CSCI,5722,COMPUTER VISION,Masters,5XXX,LEC - Lecture,,3,19,19,18,95%,4.00,100%,0%,0%,0%,0%,0%,0%,0%,5%,0,0,1,3.53,10-12,4.53,4.53,17,1,0,0,"MULLIGAN, JANE"
20081,CSCI,EN,,CSCI,5817,DATABASE SYSTEMS,Masters,5XXX,LEC - Lecture,,3,35,36,30,86%,3.71,73%,20%,7%,0%,0%,0%,0%,3%,14%,0,0,5,2.87,7-9,4.00,3.80,26,1,0,0,"KING, ROGER A"
20081,CSCI,EN,,CSCI,5828,FOUNDATIONS/SFTWARE ENGR,Masters,5XXX,LEC - Lecture,,3,27,27,27,100%,3.82,89%,7%,4%,0%,0%,0%,0%,0%,0%,0,0,0,3.19,7-9,5.12,5.59,17,1,0,0,"ANDERSON, KENNETH M"
20081,CSCI,EN,,CSCI,5832,NATURAL LANG PROCESSING,Masters,5XXX,LEC - Lecture,,3,22,24,20,91%,3.88,100%,0%,0%,0%,0%,0%,0%,8%,9%,0,0,2,2.84,7-9,5.05,5.32,19,1,0,0,"MARTIN, JAMES H"
20087,CSCI,EN,,CSCI,1000,CS AS FIELD OF WK & STDY,Lower,1XXX,LEC - Lecture,,1,54,57,54,100%,3.05,37%,46%,9%,4%,4%,7%,7%,5%,0%,0,0,0,1.28,0-3,4.10,5.07,40,1,0,0,"LEWIS, CLAYTON H"
20087,CSCI,EN,,CSCI,1220,VR: INTRO TO COMP SCI,Lower,1XXX,LEC - Lecture,,4,71,77,70,99%,2.98,53%,17%,14%,9%,7%,20%,16%,8%,1%,0,0,1,2.57,7-9,4.29,4.98,55,1,0,0,"BENNETT, JOHN"
20087,CSCI,EN,,CSCI,1300,COMP SCI I: PROGRAMMING,Lower,1XXX,LEC - Lecture,,4,40,42,40,100%,2.73,17%,55%,20%,0%,7%,10%,7%,5%,0%,0,0,0,2.96,7-9,4.77,4.90,30,1,0,0,"NUTT, GARY"
20087,CSCI,EN,,CSCI,1300,COMP SCI I: PROGRAMMING,Lower,1XXX,LEC - Lecture,,4,105,115,105,100%,2.99,45%,31%,10%,6%,8%,19%,13%,9%,0%,0,0,0,3.98,10-12,4.55,4.88,51,1,0,0,"LEWIS, CLAYTON H"
20087,CSCI,EN,,CSCI,2270,COMP SCI II: DATA STRUCT,Lower,2XXX,LEC - Lecture,,4,80,86,80,100%,2.68,36%,29%,16%,9%,10%,22%,19%,7%,0%,0,0,0,3.74,10-12,5.00,5.43,62,1,0,0,"MAIN, MICHAEL G"
20087,CSCI,EN,,CSCI,2400,COMPUTER SYSTEMS,Lower,2XXX,LEC - Lecture,,4,41,42,41,100%,3.08,46%,27%,17%,7%,2%,15%,10%,2%,0%,0,0,0,4.25,10-12,4.97,5.36,33,1,0,0,"GRUNWALD, DIRK C"
20087,CSCI,EN,,CSCI,2830,SP TPS-LIN ALG COMP SCI,Lower,2XXX,LEC - Lecture,,3,32,33,32,100%,2.68,25%,34%,28%,13%,0%,22%,13%,3%,0%,0,0,0,2.48,4-6,3.87,3.91,23,1,0,0,"BYRD, RICHARD"
20087,CSCI,EN,,CSCI,3002,DSS FOUNDATIONS,Upper,3XXX,LEC - Lecture,,3,27,27,27,100%,3.82,85%,15%,0%,0%,0%,0%,0%,0%,0%,0,0,0,2.00,4-6,3.56,3.69,16,1,0,0,"FISCHER, GERHARD"
20087,CSCI,EN,,CSCI,3104,ALGORITHMS,Upper,3XXX,LEC - Lecture,,4,52,53,52,100%,2.94,40%,37%,13%,4%,6%,12%,10%,2%,0%,0,0,0,3.33,7-9,4.84,5.46,37,1,0,0,"BLACK, JOHN"
20087,CSCI,EN,,CSCI,3155,PRINCIP OF PROG LANGS,Upper,3XXX,LEC - Lecture,,4,24,25,24,100%,3.26,46%,33%,17%,4%,0%,4%,4%,4%,0%,0,0,0,3.40,7-9,5.06,5.53,17,1,0,0,"MAIN, MICHAEL G"
20087,CSCI,EN,,CSCI,3202,INTRO ARTIFICIAL INTELL,Upper,3XXX,LEC - Lecture,,3,57,58,57,100%,3.33,61%,26%,4%,4%,5%,9%,9%,2%,0%,0,0,0,2.69,7-9,5.17,5.50,41,1,0,0,"BETHARD, STEVEN J."
20087,CSCI,EN,,CSCI,3287,DATABASES INFO SYSTEMS,Upper,3XXX,LEC - Lecture,,3,46,47,43,94%,2.75,26%,37%,30%,2%,5%,12%,7%,2%,6%,0,0,3,2.63,7-9,3.19,3.19,16,1,0,0,"KING, ROGER A"
20087,CSCI,EN,,CSCI,3308,SOFTWARE ENG METHODS,Upper,3XXX,LEC - Lecture,,3,74,74,74,100%,3.31,47%,41%,12%,0%,0%,4%,0%,0%,0%,0,0,0,3.06,7-9,5.10,5.32,50,1,0,0,"DIWAN, AMER S"
20087,CSCI,EN,,CSCI,3434,THEORY OF COMPUTATION,Upper,3XXX,LEC - Lecture,,3,21,21,21,100%,3.76,81%,14%,5%,0%,0%,0%,0%,0%,0%,0,0,0,2.07,4-6,5.07,5.27,15,1,0,0,"EHRENFEUCHT, ANDRZEJ"
20087,CSCI,EN,,CSCI,3702,COGNITIVE SCIENCE,Upper,3XXX,LEC - Lecture,,3,23,23,22,96%,1.99,18%,14%,36%,18%,14%,45%,32%,0%,4%,0,0,1,2.65,7-9,4.42,5.28,22,2,0,0,"MOZER, MICHAEL C"
20087,CSCI,EN,,CSCI,3702,COGNITIVE SCIENCE,Upper,3XXX,LEC - Lecture,,3,26,28,25,97%,2.34,16%,36%,24%,16%,8%,32%,24%,6%,3%,0,0,1,2.62,7-9,4.54,5.69,8,2,0,0,"RUPERT, ROBERT D"
20087,CSCI,EN,,CSCI,4123,NETWORK LAB,Upper,4XXX,LEC - Lecture,,3,19,19,19,100%,2.85,26%,37%,37%,0%,0%,0%,0%,0%,0%,0,0,0,,,,,0,1,0,0,"SANTOS, JOSE RAMON"
20087,CSCI,EN,,CSCI,4229,COMPUTER GRAPHICS,Upper,4XXX,LEC - Lecture,,3,59,60,59,100%,3.73,90%,5%,0%,2%,3%,5%,5%,2%,0%,0,0,0,2.78,7-9,5.39,5.78,20,1,0,0,"SCHREUDER, WILLEM A"
20087,CSCI,EN,,CSCI,4273,NETWORK SYSTEMS,Upper,4XXX,LEC - Lecture,,3,34,35,33,97%,2.98,52%,24%,6%,9%,9%,18%,18%,3%,3%,0,0,1,3.53,10-12,3.94,3.88,17,1,0,0,"MISHRA, SHIVAKANT"
20087,CSCI,EN,,CSCI,4308,SOFTWARE ENG PROJECT 1,Upper,4XXX,LEC - Lecture,,4,49,49,49,100%,3.13,51%,20%,22%,6%,0%,12%,6%,0%,0%,0,0,0,3.49,7-9,4.24,4.70,41,1,0,0,"SANDERS, BRUCE"
20087,CSCI,EN,,CSCI,4312,MEDICAL INFORMATICS,Upper,4XXX,LEC - Lecture,,3,13,13,12,93%,3.70,92%,0%,0%,8%,0%,8%,8%,0%,0%,0,1,0,2.33,4-6,4.75,5.33,12,1,0,0,"SIEK, KATIE A"
20087,CSCI,EN,,CSCI,4314,ALGORITHMS: MOLECULARBIO,Upper,4XXX,LEC - Lecture,,3,11,12,11,100%,3.92,100%,0%,0%,0%,0%,0%,0%,8%,0%,0,0,0,3.50,10-12,3.33,3.56,9,1,0,0,"GOLDBERG, DEBRA S"
20087,CSCI,EN,,CSCI,4448,OO ANALYSIS & DESIGN,Upper,4XXX,LEC - Lecture,,3,46,48,46,100%,3.67,63%,37%,0%,0%,0%,0%,0%,4%,0%,0,0,0,3.00,7-9,5.26,5.63,27,1,0,0,"ANDERSON, KENNETH M"
20087,CSCI,EN,,CSCI,4809,COMPUTER ANIMATION,Upper,4XXX,LEC - Lecture,,3,33,33,30,91%,3.83,83%,17%,0%,0%,0%,0%,0%,0%,9%,0,0,3,2.26,4-6,3.89,3.68,20,1,0,0,"KING, ROGER A"
20087,CSCI,EN,,CSCI,4830,SP TPS-COMP GEOMETRIES,Upper,4XXX,LEC - Lecture,,3,11,11,11,100%,3.92,100%,0%,0%,0%,0%,0%,0%,0%,0%,0,0,0,2.44,4-6,5.30,5.30,10,1,0,0,"EISENBERG, MICHAEL A"
20087,CSCI,EN,,CSCI,5444,INTRO TO THEORY OF COMP,Masters,5XXX,LEC - Lecture,,3,18,18,18,100%,4.00,100%,0%,0%,0%,0%,0%,0%,0%,0%,0,0,0,1.80,4-6,4.60,4.80,5,1,0,0,"EHRENFEUCHT, ANDRZEJ"
20087,CSCI,EN,,CSCI,5573,ADV OPERATING SYSTEMS,Masters,5XXX,LEC - Lecture,,3,13,13,13,100%,3.88,92%,8%,0%,0%,0%,0%,0%,0%,0%,0,0,0,3.38,7-9,5.40,5.70,10,1,0,0,"GRUNWALD, DIRK C"
20087,CSCI,EN,,CSCI,5576,HIGH-PERF SCI COMPUTING,Masters,5XXX,LEC - Lecture,,4,14,14,11,79%,3.49,64%,27%,9%,0%,0%,0%,0%,0%,7%,0,2,1,5.15,13-15,5.00,4.85,13,1,0,0,"TUFO, HENRY"
20087,CSCI,EN,,CSCI,5606,PRIN OF NUM COMPUTATION,Masters,5XXX,LEC - Lecture,,3,15,16,15,100%,3.05,33%,40%,27%,0%,0%,0%,0%,6%,0%,0,0,0,3.83,10-12,4.58,4.92,12,1,0,0,"BYRD, RICHARD"
20087,CSCI,EN,,CSCI,5622,MACHINE LEARNING,Masters,5XXX,LEC - Lecture,,3,33,35,28,85%,3.86,89%,11%,0%,0%,0%,0%,0%,6%,12%,0,1,4,3.14,7-9,4.90,5.10,31,1,0,0,"GRUDIC, GREGORY"
20087,CSCI,EN,,CSCI,6000,NEW PHD,Masters,6XXX,LEC - Lecture,,1,14,14,14,100%,4.00,100%,0%,0%,0%,0%,0%,0%,0%,0%,0,0,0,1.08,0-3,4.83,5.42,12,1,0,0,"BLACK, JOHN"
20087,CSCI,EN,,CSCI,7000,TP-INFORMATION RETRIEVAL,Doctoral,7XXX,LEC - Lecture,,3,15,16,14,93%,3.87,100%,0%,0%,0%,0%,0%,0%,6%,7%,0,0,1,3.00,7-9,5.07,5.43,14,1,0,0,"MARTIN, JAMES H"
20087,CSCI,EN,,CSCI,7000,HCI: SURVEY & SYNTHESIS,Doctoral,7XXX,LEC - Lecture,,3,12,12,12,100%,3.83,83%,17%,0%,0%,0%,0%,0%,0%,0%,0,0,0,3.92,10-12,5.33,5.83,12,1,0,0,"PALEN, LEYSIA A"
20087,CSCI,EN,,CSCI,7818,TPCS/SOFTWARE ENGINEER,Doctoral,7XXX,LEC - Lecture,,3,14,14,14,100%,3.79,93%,0%,0%,7%,0%,7%,7%,0%,0%,0,0,0,2.67,7-9,5.08,5.50,12,1,0,0,"ANDERSON, KENNETH M"
20091,CSCI,EN,,CSCI,1240,COMPUTATIONAL WORLD,Lower,1XXX,LEC - Lecture,,3,31,37,31,100%,2.82,45%,26%,13%,6%,10%,23%,16%,14%,0%,0,0,0,2.00,4-6,4.47,5.12,17,1,0,0,"EISENBERG, MICHAEL A"
20091,CSCI,EN,,CSCI,1300,COMP SCI I: PROGRAMMING,Lower,1XXX,LEC - Lecture,,4,159,182,159,100%,3.01,52%,23%,11%,4%,11%,16%,14%,13%,0%,0,0,0,3.22,7-9,4.68,4.98,110,1,0,0,"MAIN, MICHAEL G"
20091,CSCI,EN,,CSCI,2270,COMP SCI II: DATA STRUCT,Lower,2XXX,LEC - Lecture,,4,86,92,86,100%,2.54,34%,27%,16%,8%,15%,28%,23%,7%,0%,0,0,0,2.83,7-9,3.80,3.67,55,1,0,0,"MISHRA, SHIVAKANT"
20091,CSCI,EN,,CSCI,2824,DISCRETE STRUCTURES,Lower,2XXX,LEC - Lecture,,3,55,55,55,100%,2.87,42%,20%,27%,5%,5%,13%,11%,0%,0%,0,0,0,2.92,7-9,4.54,5.44,39,1,0,0,"MAIN, MICHAEL G"
20091,CSCI,EN,,CSCI,3104,ALGORITHMS,Upper,3XXX,LEC - Lecture,,4,46,48,46,100%,3.11,35%,48%,11%,4%,2%,7%,7%,4%,0%,0,0,0,2.74,7-9,5.18,5.59,39,1,0,0,"BLACK, JOHN"
20091,CSCI,EN,,CSCI,3112,DSS PROFESSIONAL DEV,Upper,3XXX,PRA - Practicum,,1,13,13,13,100%,3.92,92%,8%,0%,0%,0%,0%,0%,0%,0%,0,0,0,1.00,0-3,6.00,6.00,1,1,1,0,"LEWIS, CLAYTON H"
20091,CSCI,EN,,CSCI,3155,PRINCIP OF PROG LANGS,Upper,3XXX,LEC - Lecture,,4,34,36,34,100%,2.90,29%,47%,12%,9%,3%,12%,12%,6%,0%,0,0,0,3.10,7-9,5.50,5.68,22,1,0,0,"DIWAN, AMER S"
20091,CSCI,EN,,CSCI,3434,THEORY OF COMPUTATION,Upper,3XXX,LEC - Lecture,,3,16,16,16,100%,3.67,75%,25%,0%,0%,0%,0%,0%,0%,0%,0,0,0,2.90,7-9,5.00,5.30,10,1,0,0,"GOLDBERG, DEBRA S"
20091,CSCI,EN,,CSCI,3656,NUMERICAL COMP 1,Upper,3XXX,LEC - Lecture,,3,40,42,40,100%,2.54,17%,50%,15%,7%,10%,20%,17%,5%,0%,0,0,0,2.29,4-6,3.70,3.91,23,1,0,0,"JESSUP, ELIZABETH R"
20091,CSCI,EN,,CSCI,3753,OPERATING SYSTEMS,Upper,3XXX,LEC - Lecture,,4,68,70,68,100%,2.55,22%,40%,22%,6%,10%,21%,16%,3%,0%,0,0,0,3.17,7-9,3.57,3.74,43,1,0,0,"NUTT, GARY"
20091,CSCI,EN,,CSCI,4113,UNIX SYSTEM ADMIN,Upper,4XXX,LEC - Lecture,,3,67,68,66,99%,3.22,55%,23%,15%,5%,3%,12%,8%,1%,1%,0,0,1,2.92,7-9,5.75,5.78,53,1,0,0,"SCHENK, CHRISTOPHER B"
20091,CSCI,EN,,CSCI,4133,SECURITY LAB,Upper,4XXX,LEC - Lecture,,3,32,32,32,100%,3.70,75%,22%,3%,0%,0%,0%,0%,0%,0%,0,0,0,,,,,,,0,0,"SICKER, DOUGLAS C."
20091,CSCI,EN,,CSCI,4318,SOFTWARE ENG PROJECT 2,Upper,4XXX,LEC - Lecture,,4,49,49,49,100%,2.98,39%,27%,24%,10%,0%,14%,10%,0%,0%,0,0,0,4.59,13-15,5.21,5.52,29,1,0,0,"SANDERS, BRUCE"
20091,CSCI,EN,,CSCI,4412,DESIGN CREATIVITY,Upper,4XXX,LEC - Lecture,,3,26,26,26,100%,3.62,77%,15%,8%,0%,0%,0%,0%,0%,0%,0,0,0,2.30,4-6,4.09,4.30,24,1,0,0,"FISCHER, GERHARD"
20091,CSCI,EN,,CSCI,4446,CHAOTIC DYNAMICS,Upper,4XXX,LEC - Lecture,,3,21,22,20,96%,3.16,55%,25%,5%,10%,5%,15%,15%,5%,4%,0,0,1,3.33,7-9,5.75,5.88,16,1,0,0,"BRADLEY, ELIZABETH"
20091,CSCI,EN,,CSCI,4753,COMP PERFORM MODELING,Upper,4XXX,LEC - Lecture,,3,23,24,21,93%,3.12,48%,29%,14%,5%,5%,10%,10%,4%,7%,0,0,2,3.50,10-12,4.95,5.32,19,1,0,0,"GRUNWALD, DIRK C"
20091,CSCI,EN,,CSCI,4830,DATA MINING,Upper,4XXX,LEC - Lecture,,3,25,25,25,100%,3.35,68%,20%,4%,0%,8%,8%,8%,0%,0%,0,0,0,3.21,7-9,4.50,4.50,20,1,0,0,"LV, QIN"
20091,CSCI,EN,,CSCI,4830,TPC-GAME PROGRAMMING,Upper,4XXX,LEC - Lecture,,3,35,36,35,100%,3.30,49%,40%,9%,0%,3%,9%,3%,3%,0%,0,0,0,3.41,7-9,4.61,4.89,18,1,0,0,"LEWIS, CLAYTON H"
20091,CSCI,EN,,CSCI,4830,ADV COMPUTER GRAPHICS,Upper,4XXX,LEC - Lecture,,3,12,15,12,100%,3.82,92%,8%,0%,0%,0%,0%,0%,20%,0%,0,0,0,3.11,7-9,5.55,5.67,9,1,0,0,"SCHREUDER, WILLEM A"
20091,CSCI,EN,,CSCI,4838,USER INTERFACE DESIGN,Upper,4XXX,LEC - Lecture,,3,47,48,47,100%,3.75,70%,30%,0%,0%,0%,0%,0%,2%,0%,0,0,0,4.07,10-12,4.36,4.84,45,1,0,0,"PALEN, LEYSIA A"
20091,CSCI,EN,,CSCI,5454,DESIGN ANLYS OF ALGOS,Masters,5XXX,LEC - Lecture,,3,26,26,26,100%,4.00,100%,0%,0%,0%,0%,0%,0%,0%,0%,0,0,0,2.32,4-6,4.00,4.23,22,1,0,0,"EHRENFEUCHT, ANDRZEJ"
20091,CSCI,EN,,CSCI,5673,DISTRIBUTED SYSTEMS,Masters,5XXX,LEC - Lecture,,3,14,15,14,100%,3.81,86%,14%,0%,0%,0%,0%,0%,7%,0%,0,0,0,2.00,4-6,6.00,5.00,1,1,0,0,"MISHRA, SHIVAKANT"
20091,CSCI,EN,,CSCI,5817,DATABASE SYSTEMS,Masters,5XXX,LEC - Lecture,,3,21,21,20,95%,3.80,95%,0%,0%,0%,5%,5%,5%,0%,5%,0,0,1,2.38,4-6,4.27,4.73,15,1,0,0,"KING, ROGER A"
20091,CSCI,EN,,CSCI,5828,FOUNDATIONS/SFTWARE ENGR,Masters,5XXX,LEC - Lecture,,3,24,25,24,100%,3.73,92%,4%,0%,0%,4%,4%,4%,4%,0%,0,0,0,3.44,7-9,4.94,5.13,16,1,0,0,"ANDERSON, KENNETH M"
20091,CSCI,EN,,CSCI,5832,NATURAL LANG PROCESSING,Masters,5XXX,LEC - Lecture,,3,42,43,42,100%,3.60,69%,29%,0%,0%,2%,2%,2%,2%,0%,0,0,0,2.31,4-6,5.13,5.53,30,1,0,0,"MARTIN, JAMES H"
20097,CSCI,EN,,CSCI,1000,CS AS FIELD OF WK & STDY,Lower,1XXX,LEC - Lecture,,1,86,89,86,100%,3.48,73%,15%,2%,3%,6%,9%,9%,3%,0%,0,0,0,1.20,0-3,3.24,4.43,44,1,0,0,"LEWIS, CLAYTON H"
20097,CSCI,EN,,CSCI,1220,VR: INTRO TO COMP SCI,Lower,1XXX,LEC - Lecture,,4,70,76,69,99%,2.76,49%,22%,4%,6%,19%,26%,25%,8%,1%,0,0,1,2.67,7-9,4.60,5.11,55,1,0,0,"BENNETT, JOHN"
20097,CSCI,EN,,CSCI,1300,COMP SCI I: PROGRAMMING,Lower,1XXX,LEC - Lecture,,4,48,50,48,100%,2.54,21%,38%,23%,17%,2%,23%,19%,4%,0%,0,0,0,3.84,10-12,4.40,3.91,35,1,0,0,"NUTT, GARY"
20097,CSCI,EN,,CSCI,1300,COMP SCI I: PROGRAMMING,Lower,1XXX,LEC - Lecture,,4,153,163,152,99%,3.07,61%,15%,5%,9%,9%,20%,18%,6%,0%,0,1,0,3.41,7-9,4.53,4.91,75,1,0,0,"LEWIS, CLAYTON H"
20097,CSCI,EN,,CSCI,2270,COMP SCI II: DATA STRUCT,Lower,2XXX,LEC - Lecture,,4,86,88,86,100%,2.87,34%,35%,22%,3%,6%,14%,9%,2%,0%,0,0,0,3.44,7-9,5.20,5.63,74,1,0,0,"MAIN, MICHAEL G"
20097,CSCI,EN,,CSCI,2400,COMPUTER SYSTEMS,Lower,2XXX,LEC - Lecture,,4,70,75,69,99%,2.64,30%,26%,30%,7%,6%,26%,13%,7%,1%,0,0,1,3.84,10-12,4.75,4.89,45,1,0,0,"GRUNWALD, DIRK C"
20097,CSCI,EN,,CSCI,2824,DISCRETE STRUCTURES,Lower,2XXX,LEC - Lecture,,3,46,49,45,98%,2.93,42%,24%,27%,4%,2%,13%,7%,6%,2%,0,0,1,2.83,7-9,5.03,5.64,36,1,0,0,"MAIN, MICHAEL G"
20097,CSCI,EN,,CSCI,2830,SP TPS-LIN ALG COMP SCI,Lower,2XXX,LEC - Lecture,,3,21,22,21,100%,2.87,33%,33%,19%,14%,0%,14%,14%,5%,0%,0,0,0,2.80,7-9,4.38,4.63,16,1,0,0,"JESSUP, ELIZABETH R"
20097,CSCI,EN,,CSCI,3002,DSS FOUNDATIONS,Upper,3XXX,LEC - Lecture,,3,25,25,25,100%,3.33,80%,8%,0%,0%,12%,12%,12%,0%,0%,0,0,0,2.00,4-6,5.13,5.07,15,1,0,0,"EISENBERG, MICHAEL A"
20097,CSCI,EN,,CSCI,3104,ALGORITHMS,Upper,3XXX,LEC - Lecture,,4,23,24,23,100%,2.97,39%,43%,4%,4%,9%,13%,13%,4%,0%,0,0,0,2.88,7-9,5.19,5.56,16,1,0,0,"BLACK, JOHN"
20097,CSCI,EN,,CSCI,3112,DSS PROFESSIONAL DEV,Upper,3XXX,PRA - Practicum,,1,16,18,16,100%,3.40,56%,31%,13%,0%,0%,0%,0%,11%,0%,0,0,0,,,,,,,1,0,"LEWIS, CLAYTON H"
20097,CSCI,EN,,CSCI,3155,PRINCIP OF PROG LANGS,Upper,3XXX,LEC - Lecture,,4,17,18,17,100%,1.87,12%,12%,47%,18%,12%,59%,29%,6%,0%,0,0,0,4.11,10-12,4.27,4.54,11,1,0,0,"CHANG, BOR-YUH EVAN"
20097,CSCI,EN,,CSCI,3202,INTRO ARTIFICIAL INTELL,Upper,3XXX,LEC - Lecture,,3,38,40,37,97%,2.99,49%,30%,11%,0%,11%,14%,11%,5%,3%,0,0,1,2.86,7-9,4.92,5.00,25,1,0,0,"EISENBERG, MICHAEL A"
20097,CSCI,EN,,CSCI,3287,DATABASES INFO SYSTEMS,Upper,3XXX,LEC - Lecture,,3,40,41,38,95%,2.85,45%,24%,13%,11%,8%,18%,18%,2%,5%,0,0,2,3.33,7-9,3.67,4.00,3,1,0,0,"KING, ROGER A"
20097,CSCI,EN,,CSCI,3434,THEORY OF COMPUTATION,Upper,3XXX,LEC - Lecture,,3,20,21,20,100%,3.66,70%,25%,5%,0%,0%,0%,0%,5%,0%,0,0,0,2.00,4-6,4.43,4.93,14,1,0,0,"EHRENFEUCHT, ANDRZEJ"
20097,CSCI,EN,,CSCI,3702,COGNITIVE SCIENCE,Upper,3XXX,LEC - Lecture,,3,29,31,26,91%,3.23,38%,58%,0%,0%,4%,4%,4%,6%,9%,0,0,3,2.11,4-6,3.13,3.38,19,2,0,0,"KIM, ALBERT E."
20097,CSCI,EN,,CSCI,3702,COGNITIVE SCIENCE,Upper,3XXX,LEC - Lecture,,3,22,23,22,100%,3.06,41%,41%,9%,5%,5%,9%,9%,4%,0%,0,0,0,2.43,4-6,3.94,4.22,22,2,0,0,"KIM, ALBERT E."
20097,CSCI,EN,,CSCI,4229,COMPUTER GRAPHICS,Upper,4XXX,LEC - Lecture,,3,62,64,62,100%,3.59,82%,6%,5%,3%,3%,8%,6%,3%,0%,0,0,0,2.84,7-9,5.41,5.68,44,1,0,0,"SCHREUDER, WILLEM A"
20097,CSCI,EN,,CSCI,4273,NETWORK SYSTEMS,Upper,4XXX,LEC - Lecture,,3,42,43,42,100%,3.19,45%,33%,17%,5%,0%,5%,5%,2%,0%,0,0,0,3.57,10-12,5.28,5.36,25,1,0,0,"HAN, RICHARD YEHWHEI"
20097,CSCI,EN,,CSCI,4308,SOFTWARE ENG PROJECT 1,Upper,4XXX,LEC - Lecture,,4,60,61,60,100%,3.25,50%,33%,10%,7%,0%,10%,7%,2%,0%,0,0,0,4.39,10-12,4.52,4.89,46,1,0,0,"SANDERS, BRUCE"
20097,CSCI,EN,,CSCI,4314,ALGORITHMS: MOLECULARBIO,Upper,4XXX,LEC - Lecture,,3,20,21,20,100%,3.97,100%,0%,0%,0%,0%,0%,0%,4%,0%,0,0,0,2.35,4-6,4.41,4.53,18,1,0,0,"GOLDBERG, DEBRA S"
20097,CSCI,EN,,CSCI,4342,GROUPWARE AND WORKFLOW,Upper,4XXX,LEC - Lecture,,3,16,16,16,100%,3.81,88%,6%,6%,0%,0%,0%,0%,0%,0%,0,0,0,2.23,4-6,4.64,5.21,14,1,0,0,"ELLIS, CLARENCE"
20097,CSCI,EN,,CSCI,4448,OO ANALYSIS & DESIGN,Upper,4XXX,LEC - Lecture,,3,66,66,66,100%,3.73,71%,29%,0%,0%,0%,0%,0%,0%,0%,0,0,0,2.88,7-9,4.94,5.21,34,1,0,0,"ANDERSON, KENNETH M"
20097,CSCI,EN,,CSCI,4809,COMPUTER ANIMATION,Upper,4XXX,LEC - Lecture,,3,24,24,23,96%,3.28,52%,35%,9%,0%,4%,4%,4%,0%,4%,0,0,1,3.06,7-9,4.35,4.55,20,1,0,0,"KING, ROGER A"
20097,CSCI,EN,,CSCI,4830,TPC-MULTI-ROBOT SYSTEMS,Upper,4XXX,LEC - Lecture,,3,16,16,16,100%,3.74,81%,19%,0%,0%,0%,0%,0%,0%,0%,0,0,0,2.60,7-9,4.67,4.80,15,1,0,0,"CORRELL, NICOLAUS J"
20097,CSCI,EN,,CSCI,5417,INFORMATION RETRIEVAL,Masters,5XXX,LEC - Lecture,,3,32,32,28,88%,3.66,89%,7%,0%,0%,4%,4%,4%,0%,13%,0,0,4,2.96,7-9,5.27,5.62,26,1,0,0,"MARTIN, JAMES H"
20097,CSCI,EN,,CSCI,5573,ADV OPERATING SYSTEMS,Masters,5XXX,LEC - Lecture,,3,13,13,13,100%,3.82,85%,15%,0%,0%,0%,0%,0%,0%,0%,0,0,0,3.23,7-9,4.62,4.54,13,1,0,0,"MISHRA, SHIVAKANT"
20097,CSCI,EN,,CSCI,5622,MACHINE LEARNING,Masters,5XXX,LEC - Lecture,,3,23,23,21,91%,3.06,57%,19%,10%,0%,14%,14%,14%,0%,9%,0,0,2,4.41,10-12,4.11,4.22,18,1,0,0,"NIELSEN, RODNEY D"
20097,CSCI,EN,,CSCI,5919,HUMAN COMPUTER INTERACTN,Masters,5XXX,SEM - Seminar,,3,13,13,13,100%,3.98,100%,0%,0%,0%,0%,0%,0%,0%,0%,0,0,0,3.92,10-12,5.46,5.69,13,1,0,0,"PALEN, LEYSIA A"
20097,CSCI,EN,,CSCI,6000,NEW PHD,Masters,6XXX,LEC - Lecture,,1,11,11,11,100%,4.00,100%,0%,0%,0%,0%,0%,0%,0%,0%,0,0,0,,,,,0,1,0,0,"GRUNWALD, DIRK C"
20097,CSCI,EN,,CSCI,6268,NETWORK SECURITY,Masters,6XXX,LEC - Lecture,,3,11,11,10,91%,3.26,20%,80%,0%,0%,0%,0%,0%,0%,9%,0,0,1,2.22,4-6,5.70,5.80,10,1,0,0,"BLACK, JOHN"
20101,CSCI,EN,,CSCI,1240,COMPUTATIONAL WORLD,Lower,1XXX,LEC - Lecture,,3,35,41,34,97%,2.94,47%,26%,15%,0%,12%,18%,12%,14%,3%,0,0,1,1.88,4-6,3.88,4.00,17,1,0,0,"EISENBERG, MICHAEL A"
20101,CSCI,EN,,CSCI,1300,COMP SCI I: PROGRAMMING,Lower,1XXX,LEC - Lecture,,4,192,205,192,100%,3.17,46%,38%,10%,2%,5%,8%,6%,6%,0%,0,0,0,2.89,7-9,5.17,5.57,140,1,0,0,"MAIN, MICHAEL G"
20101,CSCI,EN,,CSCI,2270,COMP SCI II: DATA STRUCT,Lower,2XXX,LEC - Lecture,,4,93,97,92,99%,2.87,40%,28%,19%,4%,8%,20%,12%,4%,0%,1,0,0,3.13,7-9,3.87,3.69,39,1,0,0,"MISHRA, SHIVAKANT"
20101,CSCI,EN,,CSCI,2824,DISCRETE STRUCTURES,Lower,2XXX,LEC - Lecture,,3,56,57,55,98%,3.21,55%,29%,5%,7%,4%,13%,11%,2%,2%,0,0,1,2.42,4-6,5.00,5.79,29,1,0,0,"MAIN, MICHAEL G"
20101,CSCI,EN,,CSCI,3104,ALGORITHMS,Upper,3XXX,LEC - Lecture,,4,36,37,36,100%,2.85,33%,33%,22%,6%,6%,17%,11%,3%,0%,0,0,0,2.60,7-9,5.00,5.38,26,1,0,0,"BLACK, JOHN"
20101,CSCI,EN,,CSCI,3112,DSS PROFESSIONAL DEV,Upper,3XXX,PRA - Practicum,,1,25,26,25,100%,3.32,48%,36%,16%,0%,0%,0%,0%,4%,0%,0,0,0,,,,,,,1,0,"LEWIS, CLAYTON H"
20101,CSCI,EN,,CSCI,3155,PRINCIP OF PROG LANGS,Upper,3XXX,LEC - Lecture,,4,44,45,44,100%,3.24,48%,34%,16%,0%,2%,7%,2%,2%,0%,0,0,0,2.57,7-9,5.08,5.46,24,1,0,0,"DIWAN, AMER S"
20101,CSCI,EN,,CSCI,3308,SOFTWARE ENG METHODS,Upper,3XXX,LEC - Lecture,,3,79,80,79,100%,3.04,44%,27%,24%,1%,4%,10%,5%,1%,0%,0,0,0,3.02,7-9,5.37,5.63,50,1,0,0,"DIWAN, AMER S"
20101,CSCI,EN,,CSCI,3656,NUMERICAL COMP 1,Upper,3XXX,LEC - Lecture,,3,29,31,29,100%,2.53,21%,34%,28%,10%,7%,24%,17%,6%,0%,0,0,0,2.76,7-9,4.32,4.91,22,1,0,0,"BYRD, RICHARD"
20101,CSCI,EN,,CSCI,3753,OPERATING SYSTEMS,Upper,3XXX,LEC - Lecture,,4,49,51,48,98%,3.07,35%,46%,15%,0%,4%,6%,4%,4%,2%,0,0,1,3.06,7-9,4.88,4.97,32,1,0,0,"HAN, RICHARD YEHWHEI"
20101,CSCI,EN,,CSCI,4113,UNIX SYSTEM ADMIN,Upper,4XXX,LEC - Lecture,,3,36,36,36,100%,3.92,97%,3%,0%,0%,0%,0%,0%,0%,0%,0,0,0,2.76,7-9,5.26,5.68,19,1,0,0,"PHILLIPS, CALEB TIMOTHY"
20101,CSCI,EN,,CSCI,4123,NETWORK LAB,Upper,4XXX,LEC - Lecture,,3,15,15,13,87%,2.80,31%,23%,46%,0%,0%,8%,0%,0%,13%,0,0,2,5.83,16+,5.25,4.88,8,1,0,0,"SANTOS, JOSE RAMON"
20101,CSCI,EN,,CSCI,4318,SOFTWARE ENG PROJECT 2,Upper,4XXX,LEC - Lecture,,4,60,60,60,100%,2.91,40%,25%,27%,7%,2%,18%,8%,0%,0%,0,0,0,4.70,13-15,5.16,5.54,44,1,0,0,"SANDERS, BRUCE"
20101,CSCI,EN,,CSCI,4446,CHAOTIC DYNAMICS,Upper,4XXX,LEC - Lecture,,3,21,21,21,100%,3.67,81%,10%,10%,0%,0%,0%,0%,0%,0%,0,0,0,3.18,7-9,5.78,6.00,18,1,0,0,"BRADLEY, ELIZABETH"
20101,CSCI,EN,,CSCI,4830,NATURAL COMPUTING,Upper,4XXX,LEC - Lecture,,3,14,14,14,100%,3.71,93%,0%,0%,0%,7%,7%,7%,0%,0%,0,0,0,2.00,4-6,5.33,5.58,12,1,0,0,"MAIN, MICHAEL G"
20101,CSCI,EN,,CSCI,4830,TPC-GAMES FOR HEALTH,Upper,4XXX,LEC - Lecture,,3,12,12,12,100%,3.29,50%,42%,8%,0%,0%,8%,0%,0%,0%,0,0,0,3.00,7-9,4.63,4.88,8,1,0,0,"SIEK, KATIE A"
20101,CSCI,EN,,CSCI,4830,DATA MINING,Upper,4XXX,LEC - Lecture,,3,14,14,13,93%,3.41,46%,46%,8%,0%,0%,0%,0%,0%,0%,0,1,0,3.44,7-9,4.10,4.30,10,1,0,0,"LV, QIN"
20101,CSCI,EN,,CSCI,4830,TPC-GAME PROGRAMMING,Upper,4XXX,LEC - Lecture,,3,29,30,29,100%,3.03,41%,38%,14%,0%,7%,14%,7%,3%,0%,0,0,0,3.10,7-9,5.03,5.10,15,2,0,0,"REPENNING, ALEX"
20101,CSCI,EN,,CSCI,4830,ADV COMPUTER GRAPHICS,Upper,4XXX,LEC - Lecture,,3,12,12,12,100%,3.87,92%,8%,0%,0%,0%,0%,0%,0%,0%,0,0,0,2.14,4-6,5.00,5.63,8,1,0,0,"SCHREUDER, WILLEM A"
20101,CSCI,EN,,CSCI,4830,INTRODUCTION TO ROBOTICS,Upper,4XXX,LEC - Lecture,,3,22,23,22,100%,3.43,50%,45%,5%,0%,0%,0%,0%,4%,0%,0,0,0,2.42,4-6,4.58,4.95,20,1,0,0,"CORRELL, NICOLAUS J"
20101,CSCI,EN,,CSCI,4839,USER CENTERED DESIGN,Upper,4XXX,LEC - Lecture,,3,41,41,41,100%,3.25,39%,51%,7%,2%,0%,5%,2%,0%,0%,0,0,0,3.31,7-9,3.87,4.29,38,1,0,0,"PALEN, LEYSIA A"
20101,CSCI,EN,,CSCI,5454,DESIGN ANLYS OF ALGOS,Masters,5XXX,LEC - Lecture,,3,26,26,26,100%,4.00,100%,0%,0%,0%,0%,0%,0%,0%,0%,0,0,0,2.20,4-6,4.42,4.83,12,1,0,0,"EHRENFEUCHT, ANDRZEJ"
20101,CSCI,EN,,CSCI,5535,FUND CONCEPTS/PROG LANG,Masters,5XXX,LEC - Lecture,,3,18,18,18,100%,3.63,67%,33%,0%,0%,0%,0%,0%,0%,0%,0,0,0,4.93,13-15,4.60,5.40,15,1,0,0,"CHANG, BOR-YUH EVAN"
20101,CSCI,EN,,CSCI,5576,HIGH-PERF SCI COMP 1,Masters,5XXX,LEC - Lecture,,4,20,21,19,95%,3.28,53%,37%,5%,0%,5%,11%,5%,4%,0%,0,1,0,3.86,10-12,5.43,5.14,7,2,0,0,"WOITASZEK, MATTHEW S."
20101,CSCI,EN,,CSCI,5673,DISTRIBUTED SYSTEMS,Masters,5XXX,LEC - Lecture,,3,12,12,12,100%,3.87,92%,8%,0%,0%,0%,0%,0%,0%,0%,0,0,0,3.55,10-12,4.75,5.00,12,1,0,0,"MISHRA, SHIVAKANT"
20101,CSCI,EN,,CSCI,5817,DATABASE SYSTEMS,Masters,5XXX,LEC - Lecture,,3,23,23,20,87%,3.91,90%,10%,0%,0%,0%,0%,0%,0%,13%,0,0,3,2.73,7-9,4.23,4.38,13,1,0,0,"KING, ROGER A"
20101,CSCI,EN,,CSCI,5828,FOUNDATIONS/SFTWARE ENGR,Masters,5XXX,LEC - Lecture,,3,24,25,24,100%,3.83,92%,8%,0%,0%,0%,0%,0%,4%,0%,0,0,0,2.57,7-9,5.38,5.38,8,1,0,0,"ANDERSON, KENNETH M"
20101,CSCI,EN,,CSCI,5832,NATURAL LANG PROCESSING,Masters,5XXX,LEC - Lecture,,3,28,29,25,89%,3.65,84%,12%,0%,0%,4%,4%,4%,3%,11%,0,0,3,3.38,7-9,5.08,5.21,24,1,0,0,"MARTIN, JAMES H"
20101,CSCI,EN,,CSCI,7000,TPC-CRYTPOGRAPHY,Doctoral,7XXX,LEC - Lecture,,3,13,14,13,100%,3.60,69%,31%,0%,0%,0%,0%,0%,7%,0%,0,0,0,2.70,7-9,5.70,5.80,10,1,0,0,"BLACK, JOHN"
20101,CSCI,EN,,CSCI,7772,TPCS-COGNITIVE SCIENCE,Doctoral,7XXX,SEM - Seminar,,1,14,14,14,100%,4.00,100%,0%,0%,0%,0%,0%,0%,0%,0%,0,0,0,,,,,0,1,0,0,"MARTIN, JAMES H"
20107,CSCI,EN,,CSCI,1000,Computer Science as a Field of Work and Study,Lower,1XXX,LEC - Lecture,P  - In Person,1,90,95,90,100%,3.01,52%,24%,6%,6%,12%,18%,18%,5%,0%,0,0,0,1.43,0-3,3.68,4.96,50,1,0,0,"LEWIS, CLAYTON H"
20107,CSCI,EN,,CSCI,1300,Computer Science 1: Programming,Lower,1XXX,LEC - Lecture,P  - In Person,4,54,57,54,100%,3.26,59%,30%,0%,2%,9%,11%,11%,5%,0%,0,0,0,3.35,7-9,5.12,5.53,43,1,0,0,"MAIN, MICHAEL G"
20107,CSCI,EN,,CSCI,1300,Computer Science 1: Programming,Lower,1XXX,LEC - Lecture,P  - In Person,4,125,134,122,98%,2.82,37%,33%,16%,3%,11%,16%,14%,7%,2%,0,1,2,3.02,7-9,4.71,5.47,92,1,0,0,"MAIN, MICHAEL G"
20107,CSCI,EN,,CSCI,2270,Computer Science 2: Data Structures,Lower,2XXX,LEC - Lecture,P  - In Person,4,96,109,94,98%,2.72,22%,46%,18%,9%,5%,22%,14%,12%,0%,0,2,0,3.42,7-9,5.21,5.61,57,1,0,0,"BLACK, JOHN"
20107,CSCI,EN,,CSCI,2400,Computer Systems,Lower,2XXX,LEC - Lecture,P  - In Person,4,107,120,106,99%,2.61,27%,29%,26%,8%,8%,21%,17%,11%,0%,0,0,0,4.12,10-12,4.65,4.83,71,1,0,0,"GRUNWALD, DIRK C"
20107,CSCI,EN,,CSCI,2824,Discrete Structures,Lower,2XXX,LEC - Lecture,P  - In Person,3,67,68,66,99%,3.02,35%,39%,21%,0%,5%,6%,5%,1%,0%,0,1,0,2.02,4-6,4.46,5.21,57,1,0,0,"EHRENFEUCHT, ANDRZEJ"
20107,CSCI,EN,,CSCI,2830,Special Topics in Computer Science,Lower,2XXX,LEC - Lecture,P  - In Person,3,25,29,25,100%,2.98,24%,48%,24%,0%,4%,12%,4%,14%,0%,0,0,0,3.32,7-9,3.77,4.18,22,1,0,0,"TUFO, HENRY"
20107,CSCI,EN,,CSCI,3002,Human-Centered Computing Foundations,Upper,3XXX,LEC - Lecture,P  - In Person,3,30,32,30,100%,3.74,87%,13%,0%,0%,0%,0%,0%,6%,0%,0,0,0,2.32,4-6,3.36,3.88,25,1,0,0,"FISCHER, GERHARD"
20107,CSCI,EN,,CSCI,3104,Algorithms,Upper,3XXX,LEC - Lecture,P  - In Person,4,42,45,42,100%,3.24,43%,45%,10%,2%,0%,5%,2%,7%,0%,0,0,0,3.12,7-9,5.26,5.60,35,1,0,0,"BLACK, JOHN"
20107,CSCI,EN,,CSCI,3112,Human-Centered Computing Professional Development,Upper,3XXX,PRA - Practicum,P  - In Person,1,38,38,37,97%,3.02,65%,5%,11%,3%,16%,19%,19%,0%,0%,0,0,0,,,,,,,1,0,"LEWIS, CLAYTON H"
20107,CSCI,EN,,CSCI,3202,Introduction to Artificial Intelligence,Upper,3XXX,LEC - Lecture,P  - In Person,3,47,48,47,100%,2.99,30%,53%,11%,0%,6%,6%,6%,2%,0%,0,0,0,3.06,7-9,5.09,5.36,33,1,0,0,"EISENBERG, MICHAEL A"
20107,CSCI,EN,,CSCI,3287,Database and Information Systems,Upper,3XXX,LEC - Lecture,P  - In Person,3,23,25,23,100%,3.21,57%,35%,0%,0%,9%,9%,9%,8%,0%,0,0,0,2.00,4-6,3.10,3.30,10,1,0,0,"KING, ROGER A"
20107,CSCI,EN,,CSCI,3308,Software Engineering Methods and Tools,Upper,3XXX,LEC - Lecture,P  - In Person,3,44,46,44,100%,3.18,50%,32%,14%,5%,0%,5%,5%,4%,0%,0,0,0,3.06,7-9,4.15,4.39,33,1,0,0,"BUTLER, WILLIAM BRENT"
20107,CSCI,EN,,CSCI,3702,Cognitive Science,Upper,3XXX,LEC - Lecture,P  - In Person,3,25,28,25,100%,3.18,40%,48%,8%,0%,4%,4%,4%,8%,0%,0,0,0,2.42,4-6,3.26,3.37,29,1,0,0,"PALMER, MARTHA"
20107,CSCI,EN,,CSCI,3702,Cognitive Science,Upper,3XXX,LEC - Lecture,P  - In Person,3,25,26,25,100%,3.04,40%,28%,32%,0%,0%,8%,0%,4%,0%,0,0,0,2.25,4-6,4.50,5.12,26,1,0,0,"KIM, ALBERT E."
20107,CSCI,EN,,CSCI,4202,Artificial Intelligence 2,Upper,4XXX,LEC - Lecture,P  - In Person,3,25,27,21,88%,3.30,76%,10%,0%,0%,14%,14%,14%,8%,6%,0,2,2,3.15,7-9,4.43,4.57,14,1,0,0,"MOZER, MICHAEL C"
20107,CSCI,EN,,CSCI,4229,Computer Graphics,Upper,4XXX,LEC - Lecture,P  - In Person,3,68,69,68,100%,3.79,91%,4%,1%,0%,3%,3%,3%,1%,0%,0,0,0,3.10,7-9,5.21,5.64,42,1,0,0,"SCHREUDER, WILLEM A"
20107,CSCI,EN,,CSCI,4273,Network Systems,Upper,4XXX,LEC - Lecture,P  - In Person,3,57,57,57,100%,3.04,47%,32%,7%,5%,9%,14%,14%,0%,0%,0,0,0,4.17,10-12,5.32,5.53,19,1,0,0,"HAN, RICHARD YEHWHEI"
20107,CSCI,EN,,CSCI,4308,Software Engineering Project 1,Upper,4XXX,LEC - Lecture,P  - In Person,4,42,42,42,100%,3.36,64%,19%,10%,5%,2%,10%,7%,0%,0%,0,0,0,5.51,16+,4.64,5.05,39,1,0,0,"SANDERS, BRUCE"
20107,CSCI,EN,,CSCI,4314,Algorithms for Molecular Biology,Upper,4XXX,LEC - Lecture,P  - In Person,3,12,13,12,100%,3.92,92%,8%,0%,0%,0%,0%,0%,4%,0%,0,0,0,2.17,4-6,3.08,3.00,12,1,0,0,"GOLDBERG, DEBRA S"
20107,CSCI,EN,,CSCI,4809,Computer Animation,Upper,4XXX,LEC - Lecture,P  - In Person,3,23,23,23,100%,3.48,65%,26%,4%,0%,4%,4%,4%,0%,0%,0,0,0,2.22,4-6,3.92,4.50,12,1,0,0,"KING, ROGER A"
20107,CSCI,EN,,CSCI,4830,Special Topics in Computer Science,Upper,4XXX,LEC - Lecture,P  - In Person,3,27,27,27,100%,3.61,67%,26%,4%,4%,0%,4%,4%,0%,0%,0,0,0,2.88,7-9,3.96,3.96,24,1,0,0,"CORRELL, NICOLAUS J"
20107,CSCI,EN,,CSCI,4839,User-Centered Design,Upper,4XXX,LEC - Lecture,P  - In Person,3,34,34,34,100%,2.75,32%,26%,26%,12%,3%,18%,15%,0%,0%,0,0,0,2.63,7-9,4.04,4.42,26,1,0,0,"PALEN, LEYSIA A"
20107,CSCI,EN,,CSCI,5417,Information Retrieval Systems,Masters,5XXX,LEC - Lecture,P  - In Person,3,33,33,30,91%,3.84,90%,10%,0%,0%,0%,0%,0%,0%,3%,0,2,1,3.13,7-9,5.60,5.76,25,1,0,0,"MARTIN, JAMES H"
20107,CSCI,EN,,CSCI,5444,Introduction to Theory of Computation,Masters,5XXX,LEC - Lecture,P  - In Person,3,22,22,22,100%,4.00,100%,0%,0%,0%,0%,0%,0%,0%,0%,0,0,0,2.31,4-6,4.57,5.00,14,1,0,0,"EHRENFEUCHT, ANDRZEJ"
20107,CSCI,EN,,CSCI,5573,Advanced Operating Systems,Masters,5XXX,LEC - Lecture,P  - In Person,3,13,13,13,100%,3.59,85%,8%,0%,0%,8%,8%,8%,0%,0%,0,0,0,3.44,7-9,4.89,5.11,9,1,0,0,"MISHRA, SHIVAKANT"
20107,CSCI,EN,,CSCI,5722,Computer Vision,Masters,5XXX,LEC - Lecture,P  - In Person,3,23,24,21,91%,3.54,86%,5%,0%,0%,10%,10%,10%,4%,0%,0,2,0,4.00,10-12,4.63,4.00,19,1,0,0,"MULLIGAN, JANE"
20107,CSCI,EN,,CSCI,5839,User-Centered Design,Masters,5XXX,LEC - Lecture,P  - In Person,3,36,38,34,94%,3.68,76%,21%,0%,0%,3%,3%,3%,5%,3%,0,1,1,3.63,10-12,4.85,5.25,22,1,0,0,"LEWIS, CLAYTON H"
20107,CSCI,EN,,CSCI,6000,Introduction to the Computer Science PhD Program,Masters,6XXX,OTH - Other,P  - In Person,1,24,24,24,100%,3.75,79%,17%,4%,0%,0%,0%,0%,0%,0%,0,0,0,1.27,0-3,5.22,5.61,18,1,0,0,"BRADLEY, ELIZABETH"
20107,CSCI,EN,,CSCI,7772,Topics in Cognitive Science,Doctoral,7XXX,SEM - Seminar,P  - In Person,1,14,14,13,95%,4.00,100%,0%,0%,0%,0%,0%,0%,0%,5%,0,0,1,1.33,0-3,5.83,6.00,6,1,0,0,"MARTIN, JAMES H"
20111,CSCI,EN,,CSCI,1240,The Computational World,Lower,1XXX,LEC - Lecture,P  - In Person,3,23,24,23,100%,3.12,43%,39%,9%,4%,4%,9%,9%,4%,0%,0,0,0,2.27,4-6,4.81,5.42,26,1,0,0,"EISENBERG, MICHAEL A"
20111,CSCI,EN,,CSCI,1300,Computer Science 1: Programming,Lower,1XXX,LEC - Lecture,P  - In Person,4,188,203,186,99%,2.67,33%,33%,15%,6%,12%,22%,19%,7%,1%,0,0,2,3.19,7-9,5.04,5.47,127,1,0,0,"MAIN, MICHAEL G"
20111,CSCI,EN,,CSCI,2270,Computer Science 2: Data Structures,Lower,2XXX,LEC - Lecture,P  - In Person,4,94,96,94,100%,2.52,26%,33%,19%,13%,10%,24%,22%,2%,0%,0,0,0,3.51,10-12,3.43,3.07,58,1,0,0,"MISHRA, SHIVAKANT"
20111,CSCI,EN,,CSCI,2824,Discrete Structures,Lower,2XXX,LEC - Lecture,P  - In Person,3,52,53,51,98%,3.28,67%,22%,6%,0%,6%,10%,6%,2%,2%,0,0,1,2.33,4-6,5.22,5.63,27,1,0,0,"SANKARANARAYANAN, SRIRAM"
20111,CSCI,EN,,CSCI,3104,Algorithms,Upper,3XXX,LEC - Lecture,P  - In Person,4,85,90,85,100%,2.77,15%,56%,21%,2%,5%,11%,7%,6%,0%,0,0,0,3.25,7-9,5.08,5.69,61,1,0,0,"BLACK, JOHN"
20111,CSCI,EN,,CSCI,3112,Human-Centered Computing Professional Development,Upper,3XXX,PRA - Practicum,P  - In Person,1,44,44,44,100%,3.66,77%,14%,9%,0%,0%,0%,0%,0%,0%,0,0,0,,,,,,,1,0,"LEWIS, CLAYTON H"
20111,CSCI,EN,,CSCI,3155,Principles of Programming Languages,Upper,3XXX,LEC - Lecture,P  - In Person,4,46,47,46,100%,3.42,61%,30%,4%,0%,4%,4%,4%,2%,0%,0,0,0,3.87,10-12,4.84,5.56,32,1,1,0,"MAIN, MICHAEL G"
20111,CSCI,EN,,CSCI,3155,Principles of Programming Languages,Upper,3XXX,LEC - Lecture,P  - In Person,4,40,41,39,97%,3.32,46%,49%,3%,0%,3%,3%,3%,2%,2%,0,0,1,3.83,10-12,5.50,5.79,24,1,1,0,"MAIN, MICHAEL G"
20111,CSCI,EN,,CSCI,3434,Theory of Computation,Upper,3XXX,LEC - Lecture,P  - In Person,3,11,11,11,100%,3.52,55%,45%,0%,0%,0%,0%,0%,0%,0%,0,0,0,2.11,4-6,5.11,5.22,9,1,0,0,"GOLDBERG, DEBRA S"
20111,CSCI,EN,,CSCI,3656,Numerical Computation,Upper,3XXX,LEC - Lecture,P  - In Person,3,28,29,27,96%,2.66,22%,33%,33%,11%,0%,19%,11%,3%,4%,0,0,1,2.24,4-6,4.00,4.19,21,1,0,0,"BYRD, RICHARD"
20111,CSCI,EN,,CSCI,3753,Operating Systems,Upper,3XXX,LEC - Lecture,P  - In Person,4,65,66,65,100%,2.76,22%,43%,26%,6%,3%,15%,9%,2%,0%,0,0,0,3.57,10-12,4.58,4.91,45,1,0,0,"HAN, RICHARD YEHWHEI"
20111,CSCI,EN,,CSCI,4113,Unix System Administration,Upper,4XXX,LEC - Lecture,P  - In Person,3,75,75,75,100%,3.19,25%,69%,5%,0%,0%,4%,0%,0%,0%,0,0,0,2.35,4-6,4.48,4.63,48,1,0,0,"ELATOV, KARIM G"
20111,CSCI,EN,,CSCI,4312,Health Informatics,Upper,4XXX,LEC - Lecture,P  - In Person,3,10,11,10,100%,2.74,30%,40%,20%,0%,10%,10%,10%,9%,0%,0,0,0,3.08,7-9,4.57,5.14,14,1,0,0,"SIEK, KATIE A"
20111,CSCI,EN,,CSCI,4318,Software Engineering Project 2,Upper,4XXX,LEC - Lecture,P  - In Person,4,40,40,40,100%,3.24,50%,30%,15%,5%,0%,13%,5%,0%,0%,0,0,0,5.39,13-15,4.87,5.37,38,1,0,0,"SANDERS, BRUCE"
20111,CSCI,EN,,CSCI,4446,Chaotic Dynamics,Upper,4XXX,LEC - Lecture,P  - In Person,3,11,11,11,100%,2.94,45%,27%,9%,9%,9%,18%,18%,0%,0%,0,0,0,3.10,7-9,5.54,5.86,22,1,0,0,"BRADLEY, ELIZABETH"
20111,CSCI,EN,,CSCI,4448,Object-Oriented Analysis and Design,Upper,4XXX,LEC - Lecture,P  - In Person,3,55,55,55,100%,2.99,35%,47%,9%,2%,7%,11%,9%,0%,0%,0,0,0,3.13,7-9,4.66,4.96,56,1,0,0,"ANDERSON, KENNETH M"
20111,CSCI,EN,,CSCI,4830,Special Topics in Computer Science,Upper,4XXX,LEC - Lecture,P  - In Person,3,13,13,13,100%,3.92,92%,8%,0%,0%,0%,0%,0%,0%,0%,0,0,0,3.00,7-9,5.50,5.67,12,1,0,0,"EISENBERG, MICHAEL A"
20111,CSCI,EN,,CSCI,4830,Special Topics in Computer Science,Upper,4XXX,LEC - Lecture,P  - In Person,3,20,20,20,100%,3.48,70%,15%,10%,5%,0%,5%,5%,0%,0%,0,0,0,2.81,7-9,4.95,5.30,10,2,0,0,"REPENNING, ALEX"
20111,CSCI,EN,,CSCI,4830,Special Topics in Computer Science,Upper,4XXX,LEC - Lecture,P  - In Person,3,16,16,15,94%,3.80,87%,7%,7%,0%,0%,0%,0%,0%,0%,0,1,0,,,,,,,0,0,"BENNETT, JOHN"
20111,CSCI,EN,,CSCI,5446,Chaotic Dynamics,Masters,5XXX,LEC - Lecture,P  - In Person,3,10,10,10,100%,3.63,60%,40%,0%,0%,0%,0%,0%,0%,0%,0,0,0,,,,,,,0,0,"BRADLEY, ELIZABETH"
20111,CSCI,EN,,CSCI,5448,Object-Oriented Analysis and Design,Masters,5XXX,LEC - Lecture,P  - In Person,3,39,39,39,100%,3.92,97%,0%,3%,0%,0%,3%,0%,0%,0%,0,0,0,,,,,,,0,0,"ANDERSON, KENNETH M"
20111,CSCI,EN,,CSCI,5454,Design and Analysis of Algorithms,Masters,5XXX,LEC - Lecture,P  - In Person,3,21,22,21,100%,3.07,43%,38%,14%,0%,5%,5%,5%,5%,0%,0,0,0,4.16,10-12,4.75,4.90,20,1,0,0,"CLAUSET, AARON JULIAN"
20111,CSCI,EN,,CSCI,5576,High-Performance Scientific Computing,Masters,5XXX,LEC - Lecture,P  - In Person,4,15,15,15,100%,3.76,87%,7%,7%,0%,0%,0%,0%,0%,0%,0,0,0,,,,,,,0,0,"WOITASZEK, MATTHEW S."
20111,CSCI,EN,,CSCI,5673,Distributed Systems,Masters,5XXX,LEC - Lecture,P  - In Person,3,22,23,21,95%,3.90,90%,10%,0%,0%,0%,0%,0%,4%,0%,0,1,0,3.69,10-12,5.39,5.33,18,1,0,0,"HAN, RICHARD YEHWHEI"
20111,CSCI,EN,,CSCI,5753,Computer Performance Modeling,Masters,5XXX,LEC - Lecture,P  - In Person,3,11,12,11,100%,3.82,82%,18%,0%,0%,0%,0%,0%,8%,0%,0,0,0,,,,,,,0,0,"GRUNWALD, DIRK C"
20111,CSCI,EN,,CSCI,5817,Database Systems,Masters,5XXX,LEC - Lecture,P  - In Person,3,16,16,16,100%,4.00,100%,0%,0%,0%,0%,0%,0%,0%,0%,0,0,0,3.09,7-9,4.33,4.67,12,1,0,0,"KING, ROGER A"
20111,CSCI,EN,,CSCI,5832,Natural Language Processing,Masters,5XXX,LEC - Lecture,P  - In Person,3,32,32,32,100%,3.98,100%,0%,0%,0%,0%,0%,0%,0%,0%,0,0,0,3.00,7-9,5.08,5.50,27,1,0,0,"MARTIN, JAMES H"
20111,CSCI,EN,,CSCI,5919,Human-Computer Interaction: Survey and Synthesis,Masters,5XXX,SEM - Seminar,P  - In Person,3,17,17,16,94%,3.98,100%,0%,0%,0%,0%,0%,0%,0%,0%,0,1,0,4.27,10-12,5.44,5.69,16,1,0,0,"PALEN, LEYSIA A"
20111,CSCI,EN,,CSCI,6402,Issues and Methods in Cognitive Science,Masters,6XXX,LEC - Lecture,P  - In Person,3,13,13,12,92%,3.92,100%,0%,0%,0%,0%,0%,0%,0%,0%,0,1,0,2.62,7-9,4.97,5.14,18,2,0,0,"KIM, ALBERT E."
20111,CSCI,EN,,CSCI,7000,Current Topics in Computer Science,Doctoral,7XXX,LEC - Lecture,P  - In Person,3,12,12,12,100%,3.75,75%,25%,0%,0%,0%,0%,0%,0%,0%,0,0,0,,,,,,,0,0,"LV, QIN"
20111,CSCI,EN,,CSCI,7000,Current Topics in Computer Science,Doctoral,7XXX,LEC - Lecture,P  - In Person,3,19,20,18,95%,3.77,83%,17%,0%,0%,0%,0%,0%,5%,0%,0,1,0,,,,,,,0,0,"BLACK, JOHN"
20117,CSCI,EN,,CSCI,1000,Computer Science as a Field of Work and Study,Lower,1XXX,LEC - Lecture,P  - In Person,1,96,96,96,100%,3.22,59%,24%,6%,3%,7%,11%,10%,0%,0%,0,0,0,1.46,0-3,3.89,4.88,57,1,0,0,"LEWIS, CLAYTON H"
20117,CSCI,EN,,CSCI,1300,Computer Science 1: Programming,Lower,1XXX,LEC - Lecture,P  - In Person,4,49,52,48,98%,3.32,58%,27%,10%,2%,2%,6%,4%,6%,0%,0,1,0,2.90,7-9,5.41,5.58,32,1,0,0,"MAIN, MICHAEL G"
20117,CSCI,EN,,CSCI,1300,Computer Science 1: Programming,Lower,1XXX,LEC - Lecture,P  - In Person,4,187,206,184,98%,2.78,39%,29%,16%,5%,11%,21%,16%,9%,0%,0,3,0,3.30,7-9,5.09,5.58,99,1,0,0,"MAIN, MICHAEL G"
20117,CSCI,EN,,CSCI,2270,Computer Science 2: Data Structures,Lower,2XXX,LEC - Lecture,P  - In Person,4,91,99,87,96%,3.18,59%,22%,7%,5%,8%,15%,13%,8%,3%,0,1,3,3.97,10-12,4.30,4.58,64,1,0,0,"WHITE, ELIZABETH K."
20117,CSCI,EN,,CSCI,2400,Computer Systems,Lower,2XXX,LEC - Lecture,P  - In Person,4,131,137,131,100%,2.78,31%,32%,30%,4%,4%,17%,8%,4%,0%,0,0,0,4.31,10-12,4.71,5.05,75,1,0,0,"GRUNWALD, DIRK C"
20117,CSCI,EN,,CSCI,2824,Discrete Structures,Lower,2XXX,LEC - Lecture,P  - In Person,3,70,73,68,97%,3.08,46%,34%,13%,1%,6%,12%,7%,4%,3%,0,0,2,2.31,4-6,4.53,5.14,49,1,0,0,"EISENBERG, MICHAEL A"
20117,CSCI,EN,,CSCI,2830,Special Topics in Computer Science,Lower,2XXX,LEC - Lecture,P  - In Person,3,38,39,38,100%,2.95,34%,37%,24%,5%,0%,13%,5%,3%,0%,0,0,0,3.24,7-9,3.70,4.04,23,1,0,0,"JESSUP, ELIZABETH R"
20117,CSCI,EN,,CSCI,3104,Algorithms,Upper,3XXX,LEC - Lecture,P  - In Person,4,47,50,47,100%,3.07,28%,55%,15%,2%,0%,4%,2%,6%,0%,0,0,0,2.33,4-6,4.09,4.37,21,1,0,0,"LV, QIN"
20117,CSCI,EN,,CSCI,3112,Human-Centered Computing Professional Development,Upper,3XXX,PRA - Practicum,P  - In Person,2,46,47,46,100%,3.72,80%,11%,7%,2%,0%,2%,2%,2%,0%,0,0,0,,,,,,,1,0,"LEWIS, CLAYTON H"
20117,CSCI,EN,,CSCI,3287,Database and Information Systems,Upper,3XXX,LEC - Lecture,P  - In Person,3,39,40,35,90%,3.56,63%,31%,3%,0%,3%,3%,3%,3%,10%,0,0,4,2.07,4-6,3.46,3.57,29,1,0,0,"KING, ROGER A"
20117,CSCI,EN,,CSCI,3302,Introduction to Robotics,Upper,3XXX,LEC - Lecture,P  - In Person,3,35,35,35,100%,3.47,57%,34%,9%,0%,0%,0%,0%,0%,0%,0,0,0,2.78,7-9,4.25,4.71,24,1,0,0,"CORRELL, NICOLAUS J"
20117,CSCI,EN,,CSCI,3308,Software Engineering Methods and Tools,Upper,3XXX,LEC - Lecture,P  - In Person,3,62,62,61,98%,3.72,82%,11%,3%,3%,0%,3%,3%,0%,0%,0,1,0,3.00,7-9,4.54,4.91,37,1,0,0,"WHITE, ELIZABETH K."
20117,CSCI,EN,,CSCI,4229,Computer Graphics,Upper,4XXX,LEC - Lecture,P  - In Person,3,83,85,81,98%,3.29,72%,11%,5%,4%,9%,16%,12%,2%,2%,0,0,2,3.37,7-9,4.98,5.37,49,1,0,0,"SCHREUDER, WILLEM A"
20117,CSCI,EN,,CSCI,4273,Network Systems,Upper,4XXX,LEC - Lecture,P  - In Person,3,43,46,43,100%,3.18,42%,40%,14%,2%,2%,9%,5%,7%,0%,0,0,0,3.75,10-12,4.68,4.48,26,1,0,0,"MISHRA, SHIVAKANT"
20117,CSCI,EN,,CSCI,4308,Software Engineering Project 1,Upper,4XXX,LEC - Lecture,P  - In Person,4,47,47,47,100%,3.59,72%,21%,4%,0%,2%,2%,2%,0%,0%,0,0,0,3.15,7-9,4.21,4.76,29,1,0,0,"KESSEL, ANDREW MARK"
20117,CSCI,EN,,CSCI,4314,Algorithms for Molecular Biology,Upper,4XXX,LEC - Lecture,P  - In Person,3,13,13,13,100%,3.90,92%,8%,0%,0%,0%,0%,0%,0%,0%,0,0,0,2.31,4-6,3.77,3.85,13,1,0,0,"GOLDBERG, DEBRA S"
20117,CSCI,EN,,CSCI,4448,Object-Oriented Analysis and Design,Upper,4XXX,LEC - Lecture,P  - In Person,3,84,85,84,100%,3.62,75%,18%,5%,1%,1%,4%,2%,1%,0%,0,0,0,3.13,7-9,5.19,5.53,32,1,0,0,"ANDERSON, KENNETH M"
20117,CSCI,EN,,CSCI,4555,Compiler Construction,Upper,4XXX,LEC - Lecture,P  - In Person,3,37,37,37,100%,3.25,46%,41%,11%,0%,3%,5%,3%,0%,0%,0,0,0,5.73,16+,4.19,4.65,26,1,0,0,"CHANG, BOR-YUH EVAN"
20117,CSCI,EN,,CSCI,4809,Computer Animation,Upper,4XXX,LEC - Lecture,P  - In Person,3,33,33,30,91%,3.87,97%,0%,0%,0%,3%,3%,3%,0%,9%,0,0,3,3.29,7-9,5.22,5.72,18,1,0,0,"KING, ROGER A"
20117,CSCI,EN,,CSCI,4830,Special Topics in Computer Science,Upper,4XXX,LEC - Lecture,P  - In Person,3,10,10,10,100%,3.67,70%,30%,0%,0%,0%,0%,0%,0%,0%,0,0,0,4.10,10-12,5.40,5.60,10,1,0,0,"CLAUSET, AARON JULIAN"
20117,CSCI,EN,,CSCI,4839,User-Centered Design,Upper,4XXX,LEC - Lecture,P  - In Person,3,37,37,37,100%,3.33,49%,46%,5%,0%,0%,3%,0%,0%,0%,0,0,0,3.45,7-9,4.50,4.76,34,1,0,0,"PALEN, LEYSIA A"
20117,CSCI,EN,,CSCI,5417,Information Retrieval Systems,Masters,5XXX,LEC - Lecture,P  - In Person,3,35,35,32,91%,3.74,84%,16%,0%,0%,0%,0%,0%,0%,6%,0,1,2,3.29,7-9,5.46,5.71,24,1,0,0,"MARTIN, JAMES H"
20117,CSCI,EN,,CSCI,5444,Introduction to Theory of Computation,Masters,5XXX,LEC - Lecture,P  - In Person,3,21,21,21,100%,4.00,100%,0%,0%,0%,0%,0%,0%,0%,0%,0,0,0,2.17,4-6,4.89,5.44,18,1,0,0,"EHRENFEUCHT, ANDRZEJ"
20117,CSCI,EN,,CSCI,5573,Advanced Operating Systems,Masters,5XXX,LEC - Lecture,P  - In Person,3,27,27,26,96%,3.91,88%,12%,0%,0%,0%,0%,0%,0%,4%,0,0,1,3.42,7-9,4.16,4.68,27,1,0,0,"HAN, RICHARD YEHWHEI"
20117,CSCI,EN,,CSCI,5654,Linear Programming,Masters,5XXX,LEC - Lecture,P  - In Person,3,19,19,19,100%,3.68,84%,16%,0%,0%,0%,0%,0%,0%,0%,0,0,0,3.25,7-9,5.18,5.65,17,1,0,0,"SANKARANARAYANAN, SRIRAM"
20117,CSCI,EN,,CSCI,6000,Introduction to the Computer Science PhD Program,Masters,6XXX,OTH - Other,P  - In Person,1,16,16,16,100%,3.79,75%,25%,0%,0%,0%,0%,0%,0%,0%,0,0,0,1.31,0-3,5.29,5.79,14,1,0,0,"BRADLEY, ELIZABETH"
20117,CSCI,EN,,CSCI,6302,Speech Recognition and Synthesis,Masters,6XXX,LEC - Lecture,P  - In Person,3,18,18,16,89%,3.49,63%,31%,6%,0%,0%,0%,0%,0%,11%,0,0,2,4.31,10-12,4.64,4.57,14,1,0,0,"PELLOM, BRYAN L"
20117,CSCI,EN,,CSCI,7000,Current Topics in Computer Science,Doctoral,7XXX,LEC - Lecture,P  - In Person,3,10,10,10,100%,3.88,100%,0%,0%,0%,0%,0%,0%,0%,0%,0,0,0,2.50,7-9,5.13,5.75,8,1,0,0,"REISHUS, DUSTIN"
20117,CSCI,EN,,CSCI,7772,Topics in Cognitive Science,Doctoral,7XXX,SEM - Seminar,P  - In Person,1,23,24,22,97%,3.97,95%,5%,0%,0%,0%,0%,0%,3%,3%,0,0,1,2.67,7-9,5.25,5.50,4,1,0,0,"MOZER, MICHAEL C"
20121,CSCI,EN,,CSCI,1240,The Computational World,Lower,1XXX,LEC - Lecture,P  - In Person,3,34,36,34,100%,2.77,32%,32%,26%,0%,9%,21%,9%,6%,0%,0,0,0,1.73,4-6,5.17,5.42,12,1,0,0,"EISENBERG, MICHAEL A"
20121,CSCI,EN,,CSCI,1300,Computer Science 1: Programming,Lower,1XXX,LEC - Lecture,P  - In Person,4,236,259,235,100%,2.96,46%,28%,13%,5%,9%,16%,14%,9%,0%,0,1,0,2.98,7-9,4.75,4.68,131,1,0,0,"DUPLYAKIN, DMITRY"
20121,CSCI,EN,,CSCI,2270,Computer Science 2: Data Structures,Lower,2XXX,LEC - Lecture,P  - In Person,4,141,148,141,100%,2.75,42%,26%,16%,4%,13%,21%,16%,5%,0%,0,0,0,3.67,10-12,4.05,3.73,64,1,0,0,"MISHRA, SHIVAKANT"
20121,CSCI,EN,,CSCI,2824,Discrete Structures,Lower,2XXX,LEC - Lecture,P  - In Person,3,49,49,49,100%,3.20,45%,41%,6%,4%,4%,8%,8%,0%,0%,0,0,0,2.90,7-9,5.22,5.78,23,1,0,0,"SANKARANARAYANAN, SRIRAM"
20121,CSCI,EN,,CSCI,3002,Human-Centered Computing Foundations,Upper,3XXX,LEC - Lecture,P  - In Person,3,61,61,61,100%,3.58,70%,20%,8%,2%,0%,2%,2%,0%,0%,0,0,0,2.47,4-6,4.79,5.54,53,1,0,0,"LEWIS, CLAYTON H"
20121,CSCI,EN,,CSCI,3104,Algorithms,Upper,3XXX,LEC - Lecture,P  - In Person,4,81,82,81,100%,3.54,65%,26%,7%,0%,1%,1%,1%,1%,0%,0,0,0,2.59,7-9,4.91,5.04,54,1,0,0,"EHRENFEUCHT, ANDRZEJ"
20121,CSCI,EN,,CSCI,3112,Human-Centered Computing Professional Development,Upper,3XXX,PRA - Practicum,P  - In Person,2,47,47,46,98%,3.72,80%,15%,2%,0%,2%,2%,2%,0%,2%,0,0,1,,,,,,,1,0,"LEWIS, CLAYTON H"
20121,CSCI,EN,,CSCI,3155,Principles of Programming Languages,Upper,3XXX,LEC - Lecture,P  - In Person,4,102,103,101,99%,2.80,28%,44%,21%,3%,5%,18%,8%,1%,0%,0,1,0,4.86,13-15,3.32,3.74,65,1,0,0,"CHANG, BOR-YUH EVAN"
20121,CSCI,EN,,CSCI,3434,Theory of Computation,Upper,3XXX,LEC - Lecture,P  - In Person,3,25,25,24,96%,2.76,42%,25%,17%,0%,17%,21%,17%,0%,4%,0,0,1,2.71,7-9,5.00,5.20,15,1,0,0,"GOLDBERG, DEBRA S"
20121,CSCI,EN,,CSCI,3656,Numerical Computation,Upper,3XXX,LEC - Lecture,P  - In Person,3,45,45,45,100%,2.38,24%,27%,27%,9%,13%,24%,22%,0%,0%,0,0,0,2.64,7-9,3.93,4.13,30,1,0,0,"JESSUP, ELIZABETH R"
20121,CSCI,EN,,CSCI,3753,Operating Systems,Upper,3XXX,LEC - Lecture,P  - In Person,4,76,76,75,99%,2.58,20%,39%,28%,8%,5%,19%,13%,0%,1%,0,0,1,4.03,10-12,5.41,5.56,39,1,0,0,"HAN, RICHARD YEHWHEI"
20121,CSCI,EN,,CSCI,4113,Unix System Administration,Upper,4XXX,LEC - Lecture,P  - In Person,3,82,85,82,100%,3.76,89%,10%,1%,0%,0%,0%,0%,4%,0%,0,0,0,2.21,4-6,4.67,5.02,43,1,0,0,"ELATOV, KARIM G"
20121,CSCI,EN,,CSCI,4318,Software Engineering Project 2,Upper,4XXX,LEC - Lecture,P  - In Person,4,46,46,46,100%,3.69,74%,22%,4%,0%,0%,0%,0%,0%,0%,0,0,0,4.04,10-12,4.14,4.11,28,1,0,0,"KESSEL, ANDREW MARK"
20121,CSCI,EN,,CSCI,4446,Chaotic Dynamics,Upper,4XXX,LEC - Lecture,P  - In Person,3,28,29,28,100%,3.37,57%,29%,14%,0%,0%,7%,0%,3%,0%,0,0,0,3.35,7-9,5.58,5.65,27,1,0,0,"BRADLEY, ELIZABETH"
20121,CSCI,EN,,CSCI,4576,High-Performance Scientific Computing,Upper,4XXX,LEC - Lecture,P  - In Person,4,21,22,19,91%,2.80,58%,16%,5%,0%,21%,26%,21%,4%,9%,0,0,2,4.25,10-12,4.47,4.53,17,1,0,0,"HAUSER, THOMAS A"
20121,CSCI,EN,,CSCI,4753,Computer Performance Modeling,Upper,4XXX,LEC - Lecture,P  - In Person,3,31,31,30,97%,3.59,83%,7%,3%,0%,7%,7%,7%,0%,0%,0,1,0,3.41,7-9,4.50,5.00,18,1,0,0,"GRUNWALD, DIRK C"
20121,CSCI,EN,,CSCI,4830,Special Topics in Computer Science,Upper,4XXX,LEC - Lecture,P  - In Person,3,12,12,12,100%,3.92,92%,8%,0%,0%,0%,0%,0%,0%,0%,0,0,0,3.00,7-9,5.14,5.43,7,1,0,0,"KING, ROGER A"
20121,CSCI,EN,,CSCI,4830,Special Topics in Computer Science,Upper,4XXX,LEC - Lecture,P  - In Person,3,22,23,22,100%,3.63,91%,0%,5%,0%,5%,5%,5%,4%,0%,0,0,0,4.08,10-12,5.73,5.73,15,1,0,0,"SCHREUDER, WILLEM A"
20121,CSCI,EN,,CSCI,4830,Special Topics in Computer Science,Upper,4XXX,LEC - Lecture,P  - In Person,3,31,32,29,94%,3.53,62%,28%,10%,0%,0%,0%,0%,3%,0%,0,2,0,3.58,10-12,4.75,5.00,20,1,0,0,"LV, QIN"
20121,CSCI,EN,,CSCI,4830,Special Topics in Computer Science,Upper,4XXX,LEC - Lecture,P  - In Person,3,14,14,14,100%,3.89,100%,0%,0%,0%,0%,0%,0%,0%,0%,0,0,0,3.40,7-9,4.83,5.20,6,1,0,0,"CORRELL, NICOLAUS J"
20121,CSCI,EN,,CSCI,4830,Special Topics in Computer Science,Upper,4XXX,LEC - Lecture,P  - In Person,3,13,13,13,100%,3.98,100%,0%,0%,0%,0%,0%,0%,0%,0%,0,0,0,4.00,10-12,5.82,6.00,11,1,0,0,"EISENBERG, MICHAEL A"
20121,CSCI,EN,,CSCI,4830,Special Topics in Computer Science,Upper,4XXX,LEC - Lecture,P  - In Person,3,20,20,20,100%,3.37,40%,60%,0%,0%,0%,0%,0%,0%,0%,0,0,0,3.29,7-9,4.40,4.60,15,1,0,0,"REPENNING, ALEX"
20121,CSCI,EN,,CSCI,5454,Design and Analysis of Algorithms,Masters,5XXX,LEC - Lecture,P  - In Person,3,38,38,36,95%,3.70,86%,14%,0%,0%,0%,0%,0%,0%,0%,0,2,0,4.85,13-15,4.95,4.92,37,1,0,0,"CLAUSET, AARON JULIAN"
20121,CSCI,EN,,CSCI,5673,Distributed Systems,Masters,5XXX,LEC - Lecture,P  - In Person,3,23,23,23,100%,3.59,83%,13%,0%,0%,4%,4%,4%,0%,0%,0,0,0,3.63,10-12,4.35,4.55,20,1,0,0,"MISHRA, SHIVAKANT"
20121,CSCI,EN,,CSCI,5817,Database Systems,Masters,5XXX,LEC - Lecture,P  - In Person,3,19,19,18,95%,4.00,100%,0%,0%,0%,0%,0%,0%,0%,5%,0,0,1,1.71,4-6,3.93,4.00,14,1,0,0,"KING, ROGER A"
20121,CSCI,EN,,CSCI,5828,Foundations of Software Engineering,Masters,5XXX,LEC - Lecture,P  - In Person,3,37,37,37,100%,3.89,89%,11%,0%,0%,0%,0%,0%,0%,0%,0,0,0,3.30,7-9,5.14,5.48,29,1,0,0,"ANDERSON, KENNETH M"
20121,CSCI,EN,,CSCI,5919,Human-Computer Interaction: Survey and Synthesis,Masters,5XXX,SEM - Seminar,P  - In Person,3,17,17,17,100%,3.57,82%,6%,6%,0%,6%,6%,6%,0%,0%,0,0,0,4.14,10-12,5.60,5.80,15,1,0,0,"PALEN, LEYSIA A"
20121,CSCI,EN,,CSCI,6402,Issues and Methods in Cognitive Science,Masters,6XXX,LEC - Lecture,P  - In Person,3,34,35,31,92%,3.89,97%,3%,0%,0%,0%,0%,0%,2%,5%,0,1,2,2.39,4-6,5.15,5.45,29,2,0,0,"KIM, ALBERT E."
20121,CSCI,EN,,CSCI,7772,Topics in Cognitive Science,Doctoral,7XXX,SEM - Seminar,P  - In Person,1,18,18,18,100%,3.97,100%,0%,0%,0%,0%,0%,0%,0%,0%,0,0,0,1.73,4-6,4.85,5.15,13,1,0,0,"MOZER, MICHAEL C"
20127,CSCI,EN,,CSCI,1000,Computer Science as a Field of Work and Study,Lower,1XXX,LEC - Lecture,P  - In Person,1,107,110,107,100%,3.44,73%,12%,8%,3%,4%,10%,7%,3%,0%,0,0,0,1.32,0-3,2.68,3.70,76,1,0,0,"STAFFORD, JUDITH ALYCE"
20127,CSCI,EN,,CSCI,1300,Computer Science 1: Programming,Lower,1XXX,LEC - Lecture,P  - In Person,4,69,70,69,100%,3.59,77%,17%,0%,1%,4%,6%,6%,1%,0%,0,0,0,2.44,4-6,4.33,4.63,52,1,0,0,"WHITE, ELIZABETH K."
20127,CSCI,EN,,CSCI,1300,Computer Science 1: Programming,Lower,1XXX,LEC - Lecture,P  - In Person,4,162,172,159,98%,3.38,66%,19%,6%,4%,4%,10%,9%,6%,1%,0,2,1,2.43,4-6,4.32,4.86,114,1,0,0,"WHITE, ELIZABETH K."
20127,CSCI,EN,,CSCI,2270,Computer Science 2: Data Structures,Lower,2XXX,LEC - Lecture,P  - In Person,4,110,123,108,98%,3.20,45%,44%,8%,0%,2%,3%,2%,11%,1%,0,0,1,3.36,7-9,4.91,5.60,90,1,0,0,"BLACK, JOHN"
20127,CSCI,EN,,CSCI,2400,Computer Systems,Lower,2XXX,LEC - Lecture,P  - In Person,4,128,136,126,98%,2.66,21%,38%,32%,6%,4%,13%,10%,6%,1%,0,0,1,3.84,10-12,4.43,4.39,76,1,0,0,"HAN, RICHARD YEHWHEI"
20127,CSCI,EN,,CSCI,2824,Discrete Structures,Lower,2XXX,LEC - Lecture,P  - In Person,3,81,85,81,100%,2.91,36%,33%,22%,4%,5%,11%,9%,5%,0%,0,0,0,2.57,7-9,4.51,5.28,39,1,0,0,"EISENBERG, MICHAEL A"
20127,CSCI,EN,,CSCI,2830,Special Topics in Computer Science,Lower,2XXX,LEC - Lecture,P  - In Person,3,38,38,38,100%,2.88,37%,34%,18%,5%,5%,18%,11%,0%,0%,0,0,0,2.83,7-9,4.12,4.35,26,1,0,0,"JESSUP, ELIZABETH R"
20127,CSCI,EN,,CSCI,3104,Algorithms,Upper,3XXX,LEC - Lecture,P  - In Person,4,50,53,50,100%,3.24,38%,54%,4%,0%,4%,4%,4%,6%,0%,0,0,0,2.44,4-6,3.83,3.89,35,1,0,0,"LV, QIN"
20127,CSCI,EN,,CSCI,3155,Principles of Programming Languages,Upper,3XXX,LEC - Lecture,P  - In Person,4,28,28,28,100%,2.75,43%,32%,7%,4%,14%,21%,18%,0%,0%,0,0,0,4.73,13-15,4.93,5.27,15,1,0,0,"CHANG, BOR-YUH EVAN"
20127,CSCI,EN,,CSCI,3202,Introduction to Artificial Intelligence,Upper,3XXX,LEC - Lecture,P  - In Person,3,52,61,52,100%,3.40,42%,56%,2%,0%,0%,0%,0%,15%,0%,0,0,0,3.29,7-9,3.89,3.59,29,1,0,0,"MCBURNETT, NEAL"
20127,CSCI,EN,,CSCI,3287,Database and Information Systems,Upper,3XXX,LEC - Lecture,P  - In Person,3,47,48,46,98%,2.42,15%,43%,24%,0%,17%,17%,17%,2%,2%,0,0,1,2.26,4-6,3.80,3.85,20,1,0,0,"KING, ROGER A"
20127,CSCI,EN,,CSCI,3308,Software Engineering Methods and Tools,Upper,3XXX,LEC - Lecture,P  - In Person,3,79,79,79,100%,3.76,82%,15%,1%,0%,1%,1%,1%,0%,0%,0,0,0,2.67,7-9,4.08,4.71,53,1,0,0,"WHITE, ELIZABETH K."
20127,CSCI,EN,,CSCI,4229,Computer Graphics,Upper,4XXX,LEC - Lecture,P  - In Person,3,64,66,63,98%,3.44,68%,22%,2%,2%,6%,10%,8%,3%,2%,0,0,1,3.97,10-12,4.84,5.16,31,1,0,0,"SCHREUDER, WILLEM A"
20127,CSCI,EN,,CSCI,4273,Network Systems,Upper,4XXX,LEC - Lecture,P  - In Person,3,49,51,46,95%,2.86,33%,39%,20%,0%,9%,11%,9%,4%,4%,0,1,2,4.19,10-12,4.63,5.19,16,1,0,0,"HAN, RICHARD YEHWHEI"
20127,CSCI,EN,,CSCI,4308,Software Engineering Project 1,Upper,4XXX,LEC - Lecture,P  - In Person,4,60,62,60,100%,3.85,90%,8%,2%,0%,0%,2%,0%,3%,0%,0,0,0,3.14,7-9,4.57,4.45,53,1,0,0,"STAFFORD, JUDITH ALYCE"
20127,CSCI,EN,,CSCI,4314,Algorithms for Molecular Biology,Upper,4XXX,LEC - Lecture,P  - In Person,3,21,21,20,96%,3.84,95%,0%,5%,0%,0%,0%,0%,0%,4%,0,0,1,2.88,7-9,5.18,5.35,17,1,0,0,"GOLDBERG, DEBRA S"
20127,CSCI,EN,,CSCI,4448,Object-Oriented Analysis and Design,Upper,4XXX,LEC - Lecture,P  - In Person,3,80,80,79,99%,3.76,82%,15%,3%,0%,0%,0%,0%,0%,0%,0,1,0,3.25,7-9,5.15,5.48,48,1,0,0,"ANDERSON, KENNETH M"
20127,CSCI,EN,,CSCI,4576,High-Performance Scientific Computing,Upper,4XXX,LEC - Lecture,P  - In Person,4,31,34,29,94%,2.93,34%,41%,17%,0%,7%,7%,7%,8%,0%,0,2,0,4.62,13-15,4.87,4.96,23,1,0,0,"TUFO, HENRY"
20127,CSCI,EN,,CSCI,4809,Computer Animation,Upper,4XXX,LEC - Lecture,P  - In Person,3,30,32,27,90%,3.78,93%,0%,4%,0%,4%,4%,4%,4%,6%,0,1,2,3.46,7-9,4.77,4.85,13,1,0,0,"KING, ROGER A"
20127,CSCI,EN,,CSCI,4830,Special Topics in Computer Science,Upper,4XXX,LEC - Lecture,P  - In Person,3,14,14,14,100%,3.84,86%,14%,0%,0%,0%,0%,0%,0%,0%,0,0,0,3.08,7-9,5.54,5.92,13,1,0,0,"SANKARANARAYANAN, SRIRAM"
20127,CSCI,EN,,CSCI,4830,Special Topics in Computer Science,Upper,4XXX,LEC - Lecture,P  - In Person,3,46,47,46,100%,3.71,76%,24%,0%,0%,0%,0%,0%,2%,0%,0,0,0,3.74,10-12,5.77,5.74,35,1,0,0,"BLACK, JOHN"
20127,CSCI,EN,,CSCI,4830,Special Topics in Computer Science,Upper,4XXX,LEC - Lecture,P  - In Person,3,20,20,17,85%,3.81,88%,12%,0%,0%,0%,0%,0%,0%,5%,0,2,1,2.89,7-9,5.50,5.80,10,1,0,0,"GRUNWALD, DIRK C"
20127,CSCI,EN,,CSCI,4830,Special Topics in Computer Science,Upper,4XXX,LEC - Lecture,P  - In Person,3,13,13,13,100%,3.72,77%,23%,0%,0%,0%,0%,0%,0%,0%,0,0,0,4.90,13-15,5.40,5.60,10,1,0,0,"EISENBERG, MICHAEL A"
20127,CSCI,EN,,CSCI,4830,Special Topics in Computer Science,Upper,4XXX,LEC - Lecture,P  - In Person,3,15,16,14,93%,3.36,50%,43%,7%,0%,0%,0%,0%,6%,0%,0,1,0,,,,,0,1,0,0,"LYNGE, BRANDON"
20127,CSCI,EN,,CSCI,4839,User-Centered Design,Upper,4XXX,LEC - Lecture,P  - In Person,3,47,49,47,100%,3.14,34%,53%,9%,4%,0%,4%,4%,4%,0%,0,0,0,3.26,7-9,4.17,4.56,46,1,0,0,"MIASKIEWICZ, TOMASZ"
20127,CSCI,EN,,CSCI,5444,Introduction to Theory of Computation,Masters,5XXX,LEC - Lecture,P  - In Person,3,22,22,22,100%,3.73,73%,27%,0%,0%,0%,0%,0%,0%,0%,0,0,0,1.94,4-6,4.55,5.28,18,1,0,0,"EHRENFEUCHT, ANDRZEJ"
20127,CSCI,EN,,CSCI,5573,Advanced Operating Systems,Masters,5XXX,LEC - Lecture,P  - In Person,3,26,26,26,100%,3.70,88%,8%,4%,0%,0%,0%,0%,0%,0%,0,0,0,3.05,7-9,3.86,4.56,23,1,0,0,"MISHRA, SHIVAKANT"
20127,CSCI,EN,,CSCI,5606,Principles of Numerical Computation,Masters,5XXX,LEC - Lecture,P  - In Person,3,12,13,11,92%,3.65,73%,27%,0%,0%,0%,0%,0%,8%,8%,0,0,1,3.63,10-12,5.00,5.13,8,1,0,0,"CAI, XIAO-CHUAN"
20127,CSCI,EN,,CSCI,5832,Natural Language Processing,Masters,5XXX,LEC - Lecture,P  - In Person,3,33,35,31,94%,3.68,77%,19%,3%,0%,0%,0%,0%,6%,0%,0,2,0,3.23,7-9,5.36,5.73,22,1,0,0,"MARTIN, JAMES H"
20127,CSCI,EN,,CSCI,6000,Introduction to the Computer Science PhD Program,Masters,6XXX,OTH - Other,P  - In Person,1,28,28,28,100%,3.85,89%,7%,4%,0%,0%,0%,0%,0%,0%,0,0,0,1.50,4-6,5.19,5.77,26,1,0,0,"BRADLEY, ELIZABETH"
20127,CSCI,EN,,CSCI,7222,Topics in Nonsymbolic Artificial Intelligence,Doctoral,7XXX,LEC - Lecture,P  - In Person,3,24,25,20,83%,3.70,90%,5%,0%,0%,5%,5%,5%,4%,8%,0,2,2,3.80,10-12,5.05,5.11,18,1,0,0,"MOZER, MICHAEL C"
20127,CSCI,EN,,CSCI,7772,Topics in Cognitive Science,Doctoral,7XXX,SEM - Seminar,P  - In Person,1,16,16,16,100%,4.00,100%,0%,0%,0%,0%,0%,0%,0%,0%,0,0,0,,,,,0,1,0,0,"SUMNER, TAMMY R"
20131,CSCI,EN,,CSCI,1240,The Computational World,Lower,1XXX,LEC - Lecture,P  - In Person,3,34,39,34,100%,2.90,47%,18%,26%,3%,6%,29%,9%,12%,0%,0,0,0,1.86,4-6,4.48,4.96,25,1,0,0,"EISENBERG, MICHAEL A"
20131,CSCI,EN,,CSCI,1300,Computer Science 1: Programming,Lower,1XXX,LEC - Lecture,P  - In Person,4,335,349,335,100%,3.62,73%,18%,9%,0%,1%,1%,1%,4%,0%,0,0,0,2.34,4-6,5.18,5.46,147,1,0,0,"JOHNSON, GABRIEL GOEHRING"
20131,CSCI,EN,,CSCI,2270,Computer Science 2: Data Structures,Lower,2XXX,LEC - Lecture,P  - In Person,4,157,162,157,100%,3.32,54%,34%,8%,4%,0%,8%,4%,3%,0%,0,0,0,3.19,7-9,5.00,5.48,76,1,0,0,"JOHNSON, GABRIEL GOEHRING"
20131,CSCI,EN,,CSCI,2400,Computer Systems,Lower,2XXX,LEC - Lecture,P  - In Person,4,71,77,71,100%,2.98,35%,35%,24%,3%,3%,7%,6%,8%,0%,0,0,0,3.98,10-12,4.70,5.17,47,1,0,0,"GRUNWALD, DIRK C"
20131,CSCI,EN,,CSCI,2824,Discrete Structures,Lower,2XXX,LEC - Lecture,P  - In Person,3,57,58,55,96%,3.42,58%,38%,0%,0%,4%,4%,4%,2%,0%,0,2,0,2.58,7-9,5.13,5.54,37,1,0,0,"SANKARANARAYANAN, SRIRAM"
20131,CSCI,EN,,CSCI,3002,Human-Centered Computing Foundations,Upper,3XXX,LEC - Lecture,P  - In Person,3,58,61,55,95%,3.86,89%,11%,0%,0%,0%,0%,0%,5%,5%,0,0,3,2.03,4-6,4.50,5.12,34,1,0,0,"EISENBERG, MICHAEL A"
20131,CSCI,EN,,CSCI,3104,Algorithms,Upper,3XXX,LEC - Lecture,P  - In Person,4,96,97,94,98%,3.48,57%,37%,3%,0%,2%,2%,2%,1%,2%,0,0,2,2.15,4-6,3.94,4.25,48,1,0,0,"EHRENFEUCHT, ANDRZEJ"
20131,CSCI,EN,,CSCI,3155,Principles of Programming Languages,Upper,3XXX,LEC - Lecture,P  - In Person,4,81,81,79,98%,3.40,63%,27%,5%,0%,5%,5%,5%,0%,2%,0,0,2,4.92,13-15,3.09,2.86,44,1,0,0,"BAKER, JAMES EDWARD"
20131,CSCI,EN,,CSCI,3434,Theory of Computation,Upper,3XXX,LEC - Lecture,P  - In Person,3,30,30,30,100%,3.51,63%,27%,10%,0%,0%,0%,0%,0%,0%,0,0,0,2.95,7-9,4.48,4.61,23,1,0,0,"GOLDBERG, DEBRA S"
20131,CSCI,EN,,CSCI,3656,Numerical Computation,Upper,3XXX,LEC - Lecture,P  - In Person,3,46,46,46,100%,2.40,15%,41%,20%,15%,9%,24%,24%,0%,0%,0,0,0,2.80,7-9,2.14,1.68,28,1,0,0,"ZHAO, TAO"
20131,CSCI,EN,,CSCI,3753,Operating Systems,Upper,3XXX,LEC - Lecture,P  - In Person,4,80,82,80,100%,3.06,42%,35%,16%,2%,4%,11%,6%,2%,0%,0,0,0,3.52,10-12,4.79,4.77,44,1,0,0,"MISHRA, SHIVAKANT"
20131,CSCI,EN,,CSCI,4239,Advanced Computer Graphics,Upper,4XXX,LEC - Lecture,P  - In Person,3,29,29,29,100%,3.51,90%,0%,0%,0%,10%,10%,10%,0%,0%,0,0,0,4.13,10-12,5.40,5.56,16,1,0,0,"SCHREUDER, WILLEM A"
20131,CSCI,EN,,CSCI,4318,Software Engineering Project 2,Upper,4XXX,LEC - Lecture,P  - In Person,4,60,60,60,100%,3.82,87%,12%,0%,2%,0%,2%,2%,0%,0%,0,0,0,3.93,10-12,4.77,4.71,31,1,0,0,"STAFFORD, JUDITH ALYCE"
20131,CSCI,EN,,CSCI,4446,Chaotic Dynamics,Upper,4XXX,LEC - Lecture,P  - In Person,3,41,42,41,100%,3.36,63%,22%,10%,2%,2%,7%,5%,2%,0%,0,0,0,3.24,7-9,5.66,5.88,32,1,0,0,"BRADLEY, ELIZABETH"
20131,CSCI,EN,,CSCI,4502,Data Mining,Upper,4XXX,LEC - Lecture,P  - In Person,3,57,57,56,98%,3.43,55%,39%,4%,0%,2%,2%,2%,0%,0%,0,1,0,3.11,7-9,4.32,4.46,28,1,0,0,"LV, QIN"
20131,CSCI,EN,,CSCI,4753,Computer Performance Modeling,Upper,4XXX,LEC - Lecture,P  - In Person,3,33,33,32,97%,3.59,69%,28%,0%,0%,3%,3%,3%,0%,3%,0,0,1,3.44,7-9,4.67,5.28,18,1,0,0,"GRUNWALD, DIRK C"
20131,CSCI,EN,,CSCI,4830,Special Topics in Computer Science,Upper,4XXX,LEC - Lecture,P  - In Person,3,19,20,19,100%,3.26,58%,21%,16%,0%,5%,5%,5%,5%,0%,0,0,0,2.83,7-9,4.50,4.67,6,1,0,0,"KING, ROGER A"
20131,CSCI,EN,,CSCI,4830,Special Topics in Computer Science,Upper,4XXX,LEC - Lecture,P  - In Person,3,31,31,31,100%,3.07,52%,32%,3%,0%,13%,13%,13%,0%,0%,0,0,0,2.79,7-9,3.96,4.53,27,2,0,0,"REPENNING, ALEX"
20131,CSCI,EN,,CSCI,4830,Special Topics in Computer Science,Upper,4XXX,LEC - Lecture,P  - In Person,3,11,11,11,100%,4.00,100%,0%,0%,0%,0%,0%,0%,0%,0%,0,0,0,3.67,10-12,5.00,5.33,6,1,0,0,"CORRELL, NICOLAUS J"
20131,CSCI,EN,,CSCI,4830,Special Topics in Computer Science,Upper,4XXX,LEC - Lecture,P  - In Person,3,13,13,13,100%,3.65,69%,31%,0%,0%,0%,0%,0%,0%,0%,0,0,0,2.11,4-6,4.45,4.73,11,1,0,0,"IRWIN, JAY TODD"
20131,CSCI,EN,,CSCI,4830,Special Topics in Computer Science,Upper,4XXX,LEC - Lecture,P  - In Person,3,30,30,30,100%,3.89,87%,13%,0%,0%,0%,0%,0%,0%,0%,0,0,0,2.88,7-9,5.48,5.59,27,1,0,0,"HAN, RICHARD YEHWHEI"
20131,CSCI,EN,,CSCI,5454,Design and Analysis of Algorithms,Masters,5XXX,LEC - Lecture,P  - In Person,3,37,39,37,100%,3.51,54%,46%,0%,0%,0%,0%,0%,5%,0%,0,0,0,4.42,10-12,5.32,5.58,31,1,0,0,"CLAUSET, AARON JULIAN"
20131,CSCI,EN,,CSCI,5817,Database Systems,Masters,5XXX,LEC - Lecture,P  - In Person,3,27,27,24,89%,3.33,50%,33%,17%,0%,0%,0%,0%,0%,11%,0,0,3,2.70,7-9,3.30,3.40,10,1,0,0,"KING, ROGER A"
20131,CSCI,EN,,CSCI,6268,Foundations of Computer and Network Security,Masters,6XXX,LEC - Lecture,P  - In Person,3,17,17,17,100%,3.52,82%,6%,6%,0%,6%,6%,6%,0%,0%,0,0,0,3.27,7-9,5.40,5.80,15,1,0,0,"BLACK, JOHN"
20131,CSCI,EN,,CSCI,6402,Issues and Methods in Cognitive Science,Masters,6XXX,LEC - Lecture,P  - In Person,3,21,21,20,96%,3.67,85%,10%,0%,0%,5%,5%,5%,0%,0%,0,1,0,3.00,7-9,4.00,4.45,11,2,0,0,"WAGER, TOR DESSART"
20131,CSCI,EN,,CSCI,7000,Current Topics in Computer Science,Doctoral,7XXX,LEC - Lecture,P  - In Person,3,15,15,15,100%,3.65,80%,13%,7%,0%,0%,0%,0%,0%,0%,0,0,0,3.18,7-9,5.00,5.54,11,1,0,0,"YEH, PEI HSIU"
20131,CSCI,EN,,CSCI,7772,Topics in Cognitive Science,Doctoral,7XXX,SEM - Seminar,P  - In Person,1,11,11,11,100%,4.00,100%,0%,0%,0%,0%,0%,0%,0%,0%,0,0,0,1.75,4-6,4.50,5.50,8,1,0,0,"SUMNER, TAMMY R"
20137,CSCI,EN,,CSCI,1000,Computer Science as a Field of Work and Study,Lower,1XXX,LEC - Lecture,P  - In Person,1,75,81,75,100%,3.37,71%,15%,7%,1%,7%,12%,8%,7%,0%,0,0,0,1.15,0-3,3.78,5.02,50,1,0,0,"LEWIS, CLAYTON H"
20137,CSCI,EN,,CSCI,1300,Computer Science 1: Starting Computing,Lower,1XXX,LEC - Lecture,P  - In Person,4,128,148,126,98%,2.42,31%,27%,18%,9%,15%,31%,24%,14%,2%,0,0,2,3.30,7-9,3.80,3.75,85,1,0,0,"LAMARCHE, JEFFREY STEVEN"
20137,CSCI,EN,,CSCI,1300,Computer Science 1: Starting Computing,Lower,1XXX,LEC - Lecture,P  - In Person,4,332,355,331,100%,2.89,47%,23%,15%,7%,9%,20%,16%,6%,0%,0,0,1,2.78,7-9,4.77,4.77,174,1,0,0,"HOENIGMAN, RHONDA OLCOTT"
20137,CSCI,EN,,CSCI,2270,Computer Science 2: Data Structures,Lower,2XXX,LEC - Lecture,P  - In Person,4,73,85,73,100%,3.01,45%,29%,15%,5%,5%,15%,11%,14%,0%,0,0,0,3.82,10-12,4.91,5.14,43,1,0,0,"WHITE, ELIZABETH K."
20137,CSCI,EN,,CSCI,2270,Computer Science 2: Data Structures,Lower,2XXX,LEC - Lecture,P  - In Person,4,103,112,102,99%,2.96,42%,29%,20%,2%,7%,15%,9%,8%,0%,0,0,0,3.47,7-9,4.77,4.94,69,1,0,0,"WHITE, ELIZABETH K."
20137,CSCI,EN,,CSCI,2400,Computer Systems,Lower,2XXX,LEC - Lecture,P  - In Person,4,128,135,127,99%,2.87,24%,50%,20%,3%,3%,8%,6%,5%,1%,0,0,1,3.87,10-12,4.20,4.19,83,1,0,0,"HAN, RICHARD YEHWHEI"
20137,CSCI,EN,,CSCI,2820,Linear Algebra with Computer Science Applications,Lower,2XXX,LEC - Lecture,P  - In Person,3,46,48,46,100%,3.00,35%,43%,13%,7%,2%,11%,9%,4%,0%,0,0,0,2.63,7-9,3.31,3.17,36,1,0,0,"JESSUP, ELIZABETH R"
20137,CSCI,EN,,CSCI,2824,Discrete Structures,Lower,2XXX,LEC - Lecture,P  - In Person,3,101,104,100,99%,3.56,71%,21%,5%,1%,2%,3%,3%,3%,1%,0,0,1,2.01,4-6,3.68,3.93,76,1,0,0,"HOENIGMAN, RHONDA OLCOTT"
20137,CSCI,EN,,CSCI,3104,Algorithms,Upper,3XXX,LEC - Lecture,P  - In Person,4,63,67,63,100%,3.43,54%,38%,6%,0%,2%,2%,2%,6%,0%,0,0,0,2.89,7-9,5.46,5.77,52,1,0,0,"BLACK, JOHN"
20137,CSCI,EN,,CSCI,3112,Human-Centered Computing Professional Development,Upper,3XXX,PRA - Practicum,P  - In Person,1,56,57,56,100%,3.64,79%,18%,2%,0%,2%,4%,2%,2%,0%,0,0,0,,,,,,,1,0,"LEWIS, CLAYTON H"
20137,CSCI,EN,,CSCI,3155,Principles of Programming Languages,Upper,3XXX,LEC - Lecture,P  - In Person,4,69,73,69,100%,3.36,57%,33%,7%,0%,3%,6%,3%,5%,0%,0,0,0,3.40,7-9,2.55,2.45,44,1,0,0,"BAKER, JAMES EDWARD"
20137,CSCI,EN,,CSCI,3202,Introduction to Artificial Intelligence,Upper,3XXX,LEC - Lecture,P  - In Person,3,70,72,70,100%,3.78,89%,6%,3%,1%,1%,4%,3%,3%,0%,0,0,0,2.86,7-9,3.34,2.83,29,1,0,0,"MCBURNETT, NEAL"
20137,CSCI,EN,,CSCI,3287,Database and Information Systems,Upper,3XXX,LEC - Lecture,P  - In Person,3,68,69,65,96%,3.22,38%,48%,12%,0%,2%,2%,2%,1%,4%,0,0,3,1.73,4-6,2.55,2.73,11,1,0,0,"KING, ROGER A"
20137,CSCI,EN,,CSCI,3302,Introduction to Robotics,Upper,3XXX,LEC - Lecture,P  - In Person,3,17,18,17,100%,3.44,65%,29%,0%,0%,6%,6%,6%,4%,0%,0,0,0,2.92,7-9,4.57,4.57,14,1,0,0,"CORRELL, NICOLAUS J"
20137,CSCI,EN,,CSCI,3308,Software Engineering Methods and Tools,Upper,3XXX,LEC - Lecture,P  - In Person,3,120,122,119,99%,3.28,45%,45%,10%,0%,1%,3%,1%,2%,0%,0,0,0,3.41,7-9,3.12,3.12,77,1,0,0,"STAFFORD, JUDITH ALYCE"
20137,CSCI,EN,,CSCI,4113,Unix System Administration,Upper,4XXX,LEC - Lecture,P  - In Person,3,34,35,34,100%,3.34,71%,12%,9%,0%,9%,12%,9%,3%,0%,0,0,0,3.65,10-12,5.43,5.75,28,1,0,0,"DEHUS, MARK D"
20137,CSCI,EN,,CSCI,4229,Computer Graphics,Upper,4XXX,LEC - Lecture,P  - In Person,3,78,78,78,100%,3.75,87%,8%,3%,1%,1%,3%,3%,0%,0%,0,0,0,3.77,10-12,5.21,5.46,48,1,0,0,"SCHREUDER, WILLEM A"
20137,CSCI,EN,,CSCI,4273,Network Systems,Upper,4XXX,LEC - Lecture,P  - In Person,3,69,71,68,99%,3.15,35%,44%,19%,1%,0%,3%,1%,3%,1%,0,0,1,4.21,10-12,4.84,4.96,25,1,0,0,"HAN, RICHARD YEHWHEI"
20137,CSCI,EN,,CSCI,4308,Software Engineering Project 1,Upper,4XXX,LEC - Lecture,P  - In Person,4,71,71,71,100%,3.63,70%,28%,0%,1%,0%,1%,1%,0%,0%,0,0,0,3.54,10-12,4.11,3.84,37,1,0,0,"STAFFORD, JUDITH ALYCE"
20137,CSCI,EN,,CSCI,4314,Algorithms for Molecular Biology,Upper,4XXX,LEC - Lecture,P  - In Person,3,37,39,37,100%,3.82,89%,8%,3%,0%,0%,0%,0%,5%,0%,0,0,0,2.85,7-9,3.80,4.37,30,1,0,0,"GOLDBERG, DEBRA S"
20137,CSCI,EN,,CSCI,4576,High-Performance Scientific Computing,Upper,4XXX,LEC - Lecture,P  - In Person,4,38,39,37,97%,3.27,46%,43%,8%,3%,0%,5%,3%,2%,3%,0,0,1,4.53,13-15,4.63,4.72,32,1,0,0,"HAUSER, THOMAS A"
20137,CSCI,EN,,CSCI,4809,Computer Animation,Upper,4XXX,LEC - Lecture,P  - In Person,3,25,25,20,82%,3.40,65%,10%,25%,0%,0%,0%,0%,0%,18%,0,0,5,3.00,7-9,4.23,4.23,13,1,0,0,"KING, ROGER A"
20137,CSCI,EN,,CSCI,4830,Special Topics in Computer Science,Upper,4XXX,LEC - Lecture,P  - In Person,3,23,25,21,91%,3.44,76%,10%,5%,10%,0%,14%,10%,7%,4%,0,0,1,4.13,10-12,5.65,5.71,17,1,0,0,"BLACK, JOHN"
20137,CSCI,EN,,CSCI,4830,Special Topics in Computer Science,Upper,4XXX,LEC - Lecture,P  - In Person,3,18,18,18,100%,3.92,100%,0%,0%,0%,0%,0%,0%,0%,0%,0,0,0,3.50,10-12,5.21,5.29,14,1,0,0,"YEH, PEI HSIU"
20137,CSCI,EN,,CSCI,4830,Special Topics in Computer Science,Upper,4XXX,LEC - Lecture,P  - In Person,3,10,10,10,100%,3.47,50%,50%,0%,0%,0%,0%,0%,0%,0%,0,0,0,2.80,7-9,4.50,4.90,10,1,0,0,"TUFO, HENRY"
20137,CSCI,EN,,CSCI,5352,Network Analysis and Modeling,Masters,5XXX,LEC - Lecture,P  - In Person,3,14,14,14,100%,3.57,79%,14%,0%,0%,7%,7%,7%,0%,0%,0,0,0,5.33,13-15,4.67,5.11,11,1,0,0,"CLAUSET, AARON JULIAN"
20137,CSCI,EN,,CSCI,5444,Introduction to Theory of Computation,Masters,5XXX,LEC - Lecture,P  - In Person,3,26,26,26,100%,4.00,100%,0%,0%,0%,0%,0%,0%,0%,0%,0,0,0,2.20,4-6,4.44,5.06,16,1,0,0,"EHRENFEUCHT, ANDRZEJ"
20137,CSCI,EN,,CSCI,5535,Fundamental Concepts of Programming Languages,Masters,5XXX,LEC - Lecture,P  - In Person,3,21,22,20,95%,3.44,70%,20%,5%,5%,0%,5%,5%,4%,5%,0,0,1,3.73,10-12,4.60,4.73,15,1,0,0,"CHANG, BOR-YUH EVAN"
20137,CSCI,EN,,CSCI,5606,Principles of Numerical Computation,Masters,5XXX,LEC - Lecture,P  - In Person,3,11,11,10,91%,3.52,50%,40%,10%,0%,0%,0%,0%,0%,9%,0,0,1,2.88,7-9,5.13,5.50,8,1,0,0,"JESSUP, ELIZABETH R"
20137,CSCI,EN,,CSCI,5654,Linear Programming,Masters,5XXX,LEC - Lecture,P  - In Person,3,24,24,24,100%,3.77,96%,0%,0%,0%,4%,4%,4%,0%,0%,0,0,0,3.47,7-9,5.53,5.68,19,1,0,0,"SANKARANARAYANAN, SRIRAM"
20137,CSCI,EN,,CSCI,5673,Distributed Systems,Masters,5XXX,LEC - Lecture,P  - In Person,3,20,20,20,100%,3.80,85%,15%,0%,0%,0%,0%,0%,0%,0%,0,0,0,3.33,7-9,5.25,5.44,16,1,0,0,"MISHRA, SHIVAKANT"
20137,CSCI,EN,,CSCI,5832,Natural Language Processing,Masters,5XXX,LEC - Lecture,P  - In Person,3,46,46,41,90%,3.80,88%,12%,0%,0%,0%,0%,0%,0%,10%,0,0,5,2.94,7-9,4.95,5.11,37,1,0,0,"MARTIN, JAMES H"
20137,CSCI,EN,,CSCI,5919,HCC Survey and Synthesis: Foundations and Trajectories,Masters,5XXX,SEM - Seminar,P  - In Person,3,11,12,11,100%,3.97,100%,0%,0%,0%,0%,0%,0%,8%,0%,0,0,0,4.13,10-12,5.78,6.00,9,1,0,0,"PALEN, LEYSIA A"
20137,CSCI,EN,,CSCI,6000,Introduction to the Computer Science PhD Program,Masters,6XXX,OTH - Other,P  - In Person,1,20,20,20,100%,3.83,85%,15%,0%,0%,0%,0%,0%,0%,0%,0,0,0,2.00,4-6,5.00,5.54,13,1,0,0,"LEWIS, CLAYTON H"
20137,CSCI,EN,,CSCI,7222,Topics in Nonsymbolic Artificial Intelligence,Doctoral,7XXX,LEC - Lecture,P  - In Person,3,17,17,16,94%,3.71,75%,25%,0%,0%,0%,0%,0%,0%,6%,0,0,1,3.29,7-9,5.13,5.40,15,1,0,0,"MOZER, MICHAEL C"
20137,CSCI,EN,,CSCI,7772,Topics in Cognitive Science,Doctoral,7XXX,SEM - Seminar,P  - In Person,1,13,13,12,93%,3.97,100%,0%,0%,0%,0%,0%,0%,0%,7%,0,0,1,1.40,0-3,4.57,4.67,7,1,0,0,"CACCAMISE, DONNA J"
20141,CSCI,EN,,CSCI,1300,Computer Science 1: Programming,Lower,1XXX,LEC - Lecture,P  - In Person,4,287,306,287,100%,2.96,51%,21%,13%,5%,10%,19%,15%,6%,0%,0,0,0,2.73,7-9,5.31,5.52,158,1,0,0,"HOENIGMAN, RHONDA OLCOTT"
20141,CSCI,EN,,CSCI,1300,Computer Science 1: Programming,Lower,1XXX,LEC - Lecture,P  - In Person,4,70,76,70,100%,2.81,36%,30%,19%,10%,6%,19%,16%,8%,0%,0,0,0,3.03,7-9,4.84,4.89,38,1,0,0,"BOESE, ELIZABETH SUGAR"
20141,CSCI,EN,,CSCI,2270,Computer Science 2: Data Structures,Lower,2XXX,LEC - Lecture,P  - In Person,4,238,263,236,99%,3.16,53%,26%,11%,4%,6%,14%,10%,10%,1%,0,0,2,3.26,7-9,4.52,4.59,115,1,0,0,"WHITE, ELIZABETH K."
20141,CSCI,EN,,CSCI,2400,Computer Systems,Lower,2XXX,LEC - Lecture,P  - In Person,4,106,115,106,100%,2.75,28%,42%,17%,3%,9%,19%,12%,8%,0%,0,0,0,4.09,10-12,4.71,5.03,58,1,0,0,"GRUNWALD, DIRK C"
20141,CSCI,EN,,CSCI,2824,Discrete Structures,Lower,2XXX,LEC - Lecture,P  - In Person,3,83,86,83,100%,3.39,53%,41%,4%,0%,2%,6%,2%,3%,0%,0,0,0,2.61,7-9,5.09,5.64,42,1,0,0,"SANKARANARAYANAN, SRIRAM"
20141,CSCI,EN,,CSCI,3002,HCC Foundations/User-Centered Design and Development 1,Upper,3XXX,LEC - Lecture,P  - In Person,3,64,64,64,100%,3.64,69%,25%,6%,0%,0%,2%,0%,0%,0%,0,0,0,2.27,4-6,4.69,5.38,52,1,0,0,"LEWIS, CLAYTON H"
20141,CSCI,EN,,CSCI,3104,Algorithms,Upper,3XXX,LEC - Lecture,P  - In Person,4,113,113,113,100%,3.34,50%,41%,10%,0%,0%,2%,0%,0%,0%,0,0,0,3.94,10-12,4.65,4.91,88,1,0,0,"CLAUSET, AARON JULIAN"
20141,CSCI,EN,,CSCI,3112,Human-Centered Computing Professional Development,Upper,3XXX,PRA - Practicum,P  - In Person,1,64,64,64,100%,3.56,70%,20%,8%,0%,2%,2%,2%,0%,0%,0,0,0,,,,,,,1,0,"LEWIS, CLAYTON H"
20141,CSCI,EN,,CSCI,3155,Principles of Programming Languages,Upper,3XXX,LEC - Lecture,P  - In Person,4,73,78,73,100%,2.72,22%,41%,34%,3%,0%,26%,3%,6%,0%,0,0,0,4.25,10-12,4.19,4.93,31,1,0,0,"CHANG, BOR-YUH EVAN"
20141,CSCI,EN,,CSCI,3308,SoftwareDevelopment Methods and Tools,Upper,3XXX,LEC - Lecture,P  - In Person,3,75,78,75,100%,2.89,24%,51%,21%,3%,1%,11%,4%,4%,0%,0,0,0,3.35,7-9,3.46,2.76,59,1,0,0,"OKOYE, IFEYINWA U."
20141,CSCI,EN,,CSCI,3434,Theory of Computation,Upper,3XXX,LEC - Lecture,P  - In Person,3,29,30,29,100%,3.37,52%,34%,14%,0%,0%,0%,0%,3%,0%,0,0,0,2.84,7-9,4.19,4.70,21,1,0,0,"GOLDBERG, DEBRA S"
20141,CSCI,EN,,CSCI,3656,Numerical Computation,Upper,3XXX,LEC - Lecture,P  - In Person,3,41,43,41,100%,2.92,41%,34%,10%,12%,2%,15%,15%,5%,0%,0,0,0,2.67,7-9,4.65,5.14,23,1,0,0,"JESSUP, ELIZABETH R"
20141,CSCI,EN,,CSCI,3753,Operating Systems,Upper,3XXX,LEC - Lecture,P  - In Person,4,123,126,123,100%,2.87,32%,44%,14%,1%,10%,11%,11%,2%,0%,0,0,0,3.20,7-9,4.47,4.58,80,1,0,0,"MISHRA, SHIVAKANT"
20141,CSCI,EN,,CSCI,4239,Advanced Computer Graphics,Upper,4XXX,LEC - Lecture,P  - In Person,3,32,32,29,91%,3.58,72%,24%,0%,0%,3%,3%,3%,0%,9%,0,0,3,3.77,10-12,5.21,5.62,14,1,0,0,"SCHREUDER, WILLEM A"
20141,CSCI,EN,,CSCI,4318,Software Engineering Project 2,Upper,4XXX,LEC - Lecture,P  - In Person,4,70,70,70,100%,3.64,66%,33%,0%,1%,0%,1%,1%,0%,0%,0,0,0,4.17,10-12,3.97,3.73,30,1,0,0,"STAFFORD, JUDITH ALYCE"
20141,CSCI,EN,,CSCI,4448,Object-Oriented Analysis and Design,Upper,4XXX,LEC - Lecture,P  - In Person,3,49,50,49,100%,3.57,63%,31%,6%,0%,0%,0%,0%,2%,0%,0,0,0,2.90,7-9,4.94,5.28,27,2,0,0,"HUGHES, DANA THURSTON"
20141,CSCI,EN,,CSCI,4830,Special Topics in Computer Science,Upper,4XXX,LEC - Lecture,P  - In Person,3,11,11,10,91%,3.90,90%,10%,0%,0%,0%,0%,0%,0%,9%,0,0,1,2.83,7-9,5.00,4.83,6,1,0,0,"KING, ROGER A"
20141,CSCI,EN,,CSCI,4830,Special Topics in Computer Science,Upper,4XXX,LEC - Lecture,P  - In Person,3,43,46,43,100%,3.71,84%,9%,7%,0%,0%,0%,0%,6%,0%,0,0,0,3.31,7-9,4.95,5.59,38,1,0,0,"PALEN, LEYSIA A"
20141,CSCI,EN,,CSCI,4830,Special Topics in Computer Science,Upper,4XXX,LEC - Lecture,P  - In Person,3,15,15,15,100%,3.70,80%,20%,0%,0%,0%,0%,0%,0%,0%,0,0,0,2.00,4-6,4.82,4.73,11,1,0,0,"MISHRA, SHIVAKANT"
20141,CSCI,EN,,CSCI,4830,Special Topics in Computer Science,Upper,4XXX,LEC - Lecture,P  - In Person,3,32,32,31,97%,3.78,84%,16%,0%,0%,0%,0%,0%,0%,0%,0,0,0,3.06,7-9,5.05,4.89,19,1,0,0,"YEH, PEI HSIU"
20141,CSCI,EN,,CSCI,4830,Special Topics in Computer Science,Upper,4XXX,LEC - Lecture,P  - In Person,3,32,32,32,100%,3.94,94%,6%,0%,0%,0%,0%,0%,0%,0%,0,0,0,2.52,7-9,5.56,5.52,25,2,0,0,"HAN, RICHARD YEHWHEI"
20141,CSCI,EN,,CSCI,5454,Design and Analysis of Algorithms,Masters,5XXX,LEC - Lecture,P  - In Person,3,44,46,44,100%,3.91,98%,0%,0%,0%,2%,2%,2%,4%,0%,0,0,0,2.24,4-6,4.35,4.85,34,1,0,0,"EHRENFEUCHT, ANDRZEJ"
20141,CSCI,EN,,CSCI,5622,Machine Learning,Masters,5XXX,LEC - Lecture,P  - In Person,3,47,48,46,98%,3.41,59%,33%,2%,4%,2%,7%,7%,2%,0%,0,0,0,3.34,7-9,3.80,3.53,30,1,0,0,"WILDER, MATTHEW H."
20141,CSCI,EN,,CSCI,5817,Database Systems,Masters,5XXX,LEC - Lecture,P  - In Person,3,26,26,26,100%,3.96,96%,4%,0%,0%,0%,0%,0%,0%,0%,0,0,0,2.78,7-9,3.95,3.90,21,1,0,0,"KING, ROGER A"
20141,CSCI,EN,,CSCI,6402,Issues and Methods in Cognitive Science,Masters,6XXX,LEC - Lecture,P  - In Person,3,27,28,27,100%,3.85,96%,4%,0%,0%,0%,0%,0%,3%,0%,0,0,0,2.48,4-6,4.10,4.63,15,2,0,0,"WAGER, TOR DESSART"
20141,CSCI,EN,,CSCI,6454,Advanced Algorithms,Masters,6XXX,LEC - Lecture,P  - In Person,3,13,14,13,100%,3.85,92%,8%,0%,0%,0%,0%,0%,7%,0%,0,0,0,2.78,7-9,5.30,5.70,10,1,0,0,"BLACK, JOHN"
20141,CSCI,EN,,CSCI,7772,Topics in Cognitive Science,Doctoral,7XXX,SEM - Seminar,P  - In Person,1,14,14,13,96%,3.95,100%,0%,0%,0%,0%,0%,0%,0%,4%,0,0,1,,,,,0,1,0,0,"CACCAMISE, DONNA J"


